video_id,title,url,name,score,second,frame,text
g9SAAbEsthU,ДОМ С МЕНТАМИ | 1 СЕРИЯ | ДЕТЕКТИВ | ПРЕМЬЕРА 2024,https://www.youtube.com/watch?v=g9SAAbEsthU,Егор Смирнов,1.0,2765.0,credits_scan_dom_s_mentami/frames/g9SAAbEsthU/frame_0023.jpg,НАД ФИЛЬМОМ РАБОТАЛИ ВТОРОЙ ОПЕРАТОР АНДРЕЙ ТЫЧИНИН ФОКУС-ПУЛЛЕРЫ / МЕХАНИКИ — ЕГОР СМИРНОВ / ВИТАЛИЙ ГАЙШУН ФРОЛ СОРОКИН / МАКСИМ ОКУЛОВСКИЙ ДМИТРИЙ ЛЕБЕДИНСКИЙ ГАФФЕР АЛЕКСАНДР МАТУСЕВИЧ 'ОСВЕТИТЕЛЬ АЛЕКСЕЙ ХОХЛОВ ПРОДЮСЕР ПОСТ-ПРОДАКШН ПО ЗВУКУ АЛЕКСЕЙ ВОРОШИЛОВ ЗВУКОРЕЖИССЁР ПЕРЕЗАПИСИ АЛЕКСЕЙ ВОРОШИЛОВ ЗВУКОРЕЖИССЁР НА ПЛОЩАДКЕ — АНТОН МИГУР РЕКОРДИСТЫ РЕЧЕВОГО ОЗВУЧАНИЯ МАКСИМ КОРОТКИЙ / НАДЕЖДА БАЛАШОВА КООРДИНАТОР ПОСТ-ПРОДАКШН ПО ЗВУКУ КСЕНИЯ ОБОРИНА. РЕЖИССЁР МОНТАЖА ИГОРЬ КОЛПАХЧИЕВ К
g9SAAbEsthU,ДОМ С МЕНТАМИ | 1 СЕРИЯ | ДЕТЕКТИВ | ПРЕМЬЕРА 2024,https://www.youtube.com/watch?v=g9SAAbEsthU,Егор Смирнов,1.0,2766.0,credits_scan_dom_s_mentami/frames/g9SAAbEsthU/frame_0024.jpg,НАД ФИЛЬМОМ РАБОТАЛИ ВТОРОЙ ОПЕРАТОР АНДРЕЙ ТЫЧИНИН ФОКУС-ПУЛЛЕРЫ / МЕХАНИКИ — ЕГОР СМИРНОВ / ВИТАЛИЙ ГАЙШУН ФРОЛ СОРОКИН / МАКСИМ ОКУЛОВСКИЙ ДМИТРИЙ ЛЕБЕДИНСКИЙ ГАФФЕР АЛЕКСАНДР МАТУСЕВИЧ 'ОСВЕТИТЕЛЬ АЛЕКСЕЙ ХОХЛОВ ПРОДЮСЕР ПОСТ-ПРОДАКШН ПО ЗВУКУ АЛЕКСЕЙ ВОРОШИЛОВ ЗВУКОРЕЖИССЁР ПЕРЕЗАПИСИ АЛЕКСЕЙ ВОРОШИЛОВ ЗВУКОРЕЖИССЁР НА ПЛОЩАДКЕ — АНТОН МИГУР РЕКОРДИСТЫ РЕЧЕВОГО ОЗВУЧАНИЯ МАКСИМ КОРОТКИЙ / НАДЕЖДА БАЛАШОВА КООРДИНАТОР ПОСТ-ПРОДАКШН ПО ЗВУКУ КСЕНИЯ ОБОРИНА. РЕЖИССЁР МОНТАЖА ИГОРЬ КОЛПАХЧИЕВ К
g9SAAbEsthU,ДОМ С МЕНТАМИ | 1 СЕРИЯ | ДЕТЕКТИВ | ПРЕМЬЕРА 2024,https://www.youtube.com/watch?v=g9SAAbEsthU,Егор Смирнов,1.0,2767.0,credits_scan_dom_s_mentami/frames/g9SAAbEsthU/frame_0025.jpg,НАД ФИЛЬМОМ РАБОТАЛИ ВТОРОЙ ОПЕРАТОР АНДРЕЙ ТЫЧИНИН ФОКУС-ПУЛЛЕРЫ / МЕХАНИКИ — ЕГОР СМИРНОВ / ВИТАЛИЙ ГАЙШУН ФРОЛ СОРОКИН / МАКСИМ ОКУЛОВСКИЙ ДМИТРИЙ ЛЕБЕДИНСКИЙ ГАФФЕР АЛЕКСАНДР МАТУСЕВИЧ 'ОСВЕТИТЕЛЬ АЛЕКСЕЙ ХОХЛОВ ПРОДЮСЕР ПОСТ-ПРОДАКШН ПО ЗВУКУ АЛЕКСЕЙ ВОРОШИЛОВ ЗВУКОРЕЖИССЁР ПЕРЕЗАПИСИ АЛЕКСЕЙ ВОРОШИЛОВ ЗВУКОРЕЖИССЁР НА ПЛОЩАДКЕ — АНТОН МИГУР РЕКОРДИСТЫ РЕЧЕВОГО ОЗВУЧАНИЯ МАКСИМ КОРОТКИЙ / НАДЕЖДА БАЛАШОВА КООРДИНАТОР ПОСТ-ПРОДАКШН ПО ЗВУКУ КСЕНИЯ ОБОРИНА РЕЖИССЁР МОНТАЖА ИГОРЬ КОЛПАХЧИЕВ КО
g9SAAbEsthU,ДОМ С МЕНТАМИ | 1 СЕРИЯ | ДЕТЕКТИВ | ПРЕМЬЕРА 2024,https://www.youtube.com/watch?v=g9SAAbEsthU,Егор Смирнов,1.0,2768.0,credits_scan_dom_s_mentami/frames/g9SAAbEsthU/frame_0026.jpg,НАД ФИЛЬМОМ РАБОТАЛИ ВТОРОЙ ОПЕРАТОР АНДРЕЙ ТЫЧИНИН ФОКУС-ПУЛЛЕРЫ / МЕХАНИКИ — ЕГОР СМИРНОВ / ВИТАЛИЙ ГАЙШУН ФРОЛ СОРОКИН / МАКСИМ ОКУЛОВСКИЙ ДМИТРИЙ ЛЕБЕДИНСКИЙ ГАФФЕР АЛЕКСАНДР МАТУСЕВИЧ 'ОСВЕТИТЕЛЬ АЛЕКСЕЙ ХОХЛОВ ПРОДЮСЕР ПОСТ-ПРОДАКШН ПО ЗВУКУ АЛЕКСЕЙ ВОРОШИЛОВ ЗВУКОРЕЖИССЁР ПЕРЕЗАПИСИ АЛЕКСЕЙ ВОРОШИЛОВ ЗВУКОРЕЖИССЁР НА ПЛОЩАДКЕ — АНТОН МИГУР РЕКОРДИСТЫ РЕЧЕВОГО ОЗВУЧАНИЯ МАКСИМ КОРОТКИЙ / НАДЕЖДА БАЛАШОВА КООРДИНАТОР ПОСТ-ПРОДАКШН ПО ЗВУКУ КСЕНИЯ ОБОРИНА РЕЖИССЁР МОНТАЖА ИГОРЬ КОЛПАХЧИЕВ КО
EMi1g_P2rus,Дом с ментами | 2 серия | Тени прошлого,https://www.youtube.com/watch?v=EMi1g_P2rus,Егор Смирнов,1.0,2426.0,credits_scan_dom_s_mentami/frames/EMi1g_P2rus/frame_0023.jpg,НАД ФИЛЬМОМ РАБОТАЛИ ВТОРОЙ ОПЕРАТОР АНДРЕЙ ТЫЧИНИН ФОКУС-ПУЛЛЕРЫ / МЕХАНИКИ — ЕГОР СМИРНОВ / ВИТАЛИЙ ГАЙШУН ФРОЛ СОРОКИН / МАКСИМ ОКУЛОВСКИЙ ДМИТРИЙ ЛЕБЕДИНСКИЙ ГАФФЕР АЛЕКСАНДР МАТУСЕВИЧ 'ОСВЕТИТЕЛЬ АЛЕКСЕЙ ХОХЛОВ ПРОДЮСЕР ПОСТ-ПРОДАКШН ПО ЗВУКУ АЛЕКСЕЙ ВОРОШИЛОВ ЗВУКОРЕЖИССЁР ПЕРЕЗАПИСИ АЛЕКСЕЙ ВОРОШИЛОВ ЗВУКОРЕЖИССЁР НА ПЛОЩАДКЕ — АНТОН МИГУР РЕКОРДИСТЫ РЕЧЕВОГО ОЗВУЧАНИЯ МАКСИМ КОРОТКИЙ / НАДЕЖДА БАЛАШОВА КООРДИНАТОР ПОСТ-ПРОДАКШН ПО ЗВУКУ КСЕНИЯ ОБОРИНА РЕЖИССЁР МОНТАЖА ИГОРЬ КОЛПАХЧИЕВ КО
EMi1g_P2rus,Дом с ментами | 2 серия | Тени прошлого,https://www.youtube.com/watch?v=EMi1g_P2rus,Егор Смирнов,1.0,2427.0,credits_scan_dom_s_mentami/frames/EMi1g_P2rus/frame_0024.jpg,НАД ФИЛЬМОМ РАБОТАЛИ ВТОРОЙ ОПЕРАТОР АНДРЕЙ ТЫЧИНИН ФОКУС-ПУЛЛЕРЫ / МЕХАНИКИ — ЕГОР СМИРНОВ / ВИТАЛИЙ ГАЙШУН ФРОЛ СОРОКИН / МАКСИМ ОКУЛОВСКИЙ ДМИТРИЙ ЛЕБЕДИНСКИЙ ГАФФЕР АЛЕКСАНДР МАТУСЕВИЧ 'ОСВЕТИТЕЛЬ АЛЕКСЕЙ ХОХЛОВ ПРОДЮСЕР ПОСТ-ПРОДАКШН ПО ЗВУКУ АЛЕКСЕЙ ВОРОШИЛОВ ЗВУКОРЕЖИССЁР ПЕРЕЗАПИСИ АЛЕКСЕЙ ВОРОШИЛОВ ЗВУКОРЕЖИССЁР НА ПЛОЩАДКЕ — АНТОН МИГУР РЕКОРДИСТЫ РЕЧЕВОГО ОЗВУЧАНИЯ МАКСИМ КОРОТКИЙ / НАДЕЖДА БАЛАШОВА КООРДИНАТОР ПОСТ-ПРОДАКШН ПО ЗВУКУ КСЕНИЯ ОБОРИНА РЕЖИССЁР МОНТАЖА ИГОРЬ КОЛПАХЧИЕВ КО
EMi1g_P2rus,Дом с ментами | 2 серия | Тени прошлого,https://www.youtube.com/watch?v=EMi1g_P2rus,Егор Смирнов,1.0,2428.0,credits_scan_dom_s_mentami/frames/EMi1g_P2rus/frame_0025.jpg,НАД ФИЛЬМОМ РАБОТАЛИ ВТОРОЙ ОПЕРАТОР АНДРЕЙ ТЫЧИНИН ФОКУС-ПУЛЛЕРЫ / МЕХАНИКИ — ЕГОР СМИРНОВ / ВИТАЛИЙ ГАЙШУН ФРОЛ СОРОКИН / МАКСИМ ОКУЛОВСКИЙ ДМИТРИЙ ЛЕБЕДИНСКИЙ ГАФФЕР АЛЕКСАНДР МАТУСЕВИЧ 'ОСВЕТИТЕЛЬ АЛЕКСЕЙ ХОХЛОВ ПРОДЮСЕР ПОСТ-ПРОДАКШН ПО ЗВУКУ АЛЕКСЕЙ ВОРОШИЛОВ ЗВУКОРЕЖИССЁР ПЕРЕЗАПИСИ АЛЕКСЕЙ ВОРОШИЛОВ ЗВУКОРЕЖИССЁР НА ПЛОЩАДКЕ АНТОН МИГУР. РЕКОРДИСТЫ РЕЧЕВОГО ОЗВУЧАНИЯ МАКСИМ КОРОТКИЙ / НАДЕЖДА БАЛАШОВА КООРДИНАТОР ПОСТ-ПРОДАКШН ПО ЗВУКУ КСЕНИЯ ОБОРИНА РЕЖИССЁР МОНТАЖА ИГОРЬ КОЛПАХЧИЕВ КОЛ
EMi1g_P2rus,Дом с ментами | 2 серия | Тени прошлого,https://www.youtube.com/watch?v=EMi1g_P2rus,Егор Смирнов,1.0,2429.0,credits_scan_dom_s_mentami/frames/EMi1g_P2rus/frame_0026.jpg,НАД ФИЛЬМОМ РАБОТАЛИ ВТОРОЙ ОПЕРАТОР АНДРЕЙ ТЫЧИНИН ФОКУС-ПУЛЛЕРЫ / МЕХАНИКИ — ЕГОР СМИРНОВ / ВИТАЛИЙ ГАЙШУН ФРОЛ СОРОКИН / МАКСИМ ОКУЛОВСКИЙ ДМИТРИЙ ЛЕБЕДИНСКИЙ ГАФФЕР АЛЕКСАНДР МАТУСЕВИЧ 'ОСВЕТИТЕЛЬ АЛЕКСЕЙ ХОХЛОВ ПРОДЮСЕР ПОСТ-ПРОДАКШН ПО ЗВУКУ АЛЕКСЕЙ ВОРОШИЛОВ ЗВУКОРЕЖИССЁР ПЕРЕЗАПИСИ АЛЕКСЕЙ ВОРОШИЛОВ ЗВУКОРЕЖИССЁР НА ПЛОЩАДКЕ АНТОН МИГУР. РЕКОРДИСТЫ РЕЧЕВОГО ОЗВУЧАНИЯ МАКСИМ КОРОТКИЙ / НАДЕЖДА БАЛАШОВА КООРДИНАТОР ПОСТ-ПРОДАКШН ПО ЗВУКУ КСЕНИЯ ОБОРИНА РЕЖИССЁР МОНТАЖА ИГОРЬ КОЛПАХЧИЕВ КОЛ
WMouECVFYlk,Дом с ментами | 5 серия | Тяга к природе,https://www.youtube.com/watch?v=WMouECVFYlk,Егор Смирнов,1.0,2398.0,credits_scan_dom_s_mentami/frames/WMouECVFYlk/frame_0029.jpg,НАД ФИЛЬМОМ РАБОТАЛИ ВТОРОЙ ОПЕРАТОР АНДРЕЙ ТЫЧИНИН ФОКУС-ПУЛЛЕРЫ / МЕХАНИКИ — ЕГОР СМИРНОВ / ВИТАЛИЙ ГАЙШУН ФРОЛ СОРОКИН / МАКСИМ ОКУЛОВСКИЙ ДМИТРИЙ ЛЕБЕДИНСКИЙ ГАФФЕР АЛЕКСАНДР МАТУСЕВИЧ 'ОСВЕТИТЕЛЬ АЛЕКСЕЙ ХОХЛОВ ПРОДЮСЕР ПОСТ-ПРОДАКШН ПО ЗВУКУ АЛЕКСЕЙ ВОРОШИЛОВ ЗВУКОРЕЖИССЁР ПЕРЕЗАПИСИ АЛЕКСЕЙ ВОРОШИЛОВ ЗВУКОРЕЖИССЁР НА ПЛОЩАДКЕ — АНТОН МИГУР РЕКОРДИСТЫ РЕЧЕВОГО ОЗВУЧАНИЯ МАКСИМ КОРОТКИЙ / НАДЕЖДА БАЛАШОВА КООРДИНАТОР ПОСТ-ПРОДАКШН ПО ЗВУКУ КСЕНИЯ ОБОРИНА РЕЖИССЁР МОНТАЖА ИГОРЬ КОЛПАХЧИЕВ КО
WMouECVFYlk,Дом с ментами | 5 серия | Тяга к природе,https://www.youtube.com/watch?v=WMouECVFYlk,Егор Смирнов,1.0,2399.0,credits_scan_dom_s_mentami/frames/WMouECVFYlk/frame_0030.jpg,НАД ФИЛЬМОМ РАБОТАЛИ ВТОРОЙ ОПЕРАТОР АНДРЕЙ ТЫЧИНИН ФОКУС-ПУЛЛЕРЫ / МЕХАНИКИ — ЕГОР СМИРНОВ / ВИТАЛИЙ ГАЙШУН ФРОЛ СОРОКИН / МАКСИМ ОКУЛОВСКИЙ ДМИТРИЙ ЛЕБЕДИНСКИЙ ГАФФЕР АЛЕКСАНДР МАТУСЕВИЧ 'ОСВЕТИТЕЛЬ АЛЕКСЕЙ ХОХЛОВ ПРОДЮСЕР ПОСТ-ПРОДАКШН ПО ЗВУКУ АЛЕКСЕЙ ВОРОШИЛОВ ЗВУКОРЕЖИССЁР ПЕРЕЗАПИСИ АЛЕКСЕЙ ВОРОШИЛОВ ЗВУКОРЕЖИССЁР НА ПЛОЩАДКЕ — АНТОН МИГУР РЕКОРДИСТЫ РЕЧЕВОГО ОЗВУЧАНИЯ МАКСИМ КОРОТКИЙ / НАДЕЖДА БАЛАШОВА КООРДИНАТОР ПОСТ-ПРОДАКШН ПО ЗВУКУ КСЕНИЯ ОБОРИНА РЕЖИССЁР МОНТАЖА ИГОРЬ КОЛПАХЧИЕВ КО
WMouECVFYlk,Дом с ментами | 5 серия | Тяга к природе,https://www.youtube.com/watch?v=WMouECVFYlk,Егор Смирнов,1.0,2400.0,credits_scan_dom_s_mentami/frames/WMouECVFYlk/frame_0031.jpg,"НАД ФИЛЬМОМ РАБОТАЛИ ВТОРОЙ ОПЕРАТОР АНДРЕЙ ТЫЧИНИН ФОКУС-ПУЛЛЕРЫ / МЕХАНИКИ — ЕГОР СМИРНОВ / ВИТАЛИЙ ГАЙШУН ФРОЛ СОРОКИН / МАКСИМ ОКУЛОВСКИЙ ДМИТРИЙ ЛЕБЕДИНСКИЙ ГАФФЕР АЛЕКСАНДР МАТУСЕВИЧ 'ОСВЕТИТЕЛЬ АЛЕКСЕЙ ХОХЛОВ ПРОДЮСЕР ПОСТ-ПРОДАКШН ПО ЗВУКУ АЛЕКСЕЙ ВОРОШИЛОВ ЗВУКОРЕЖИССЁР ПЕРЕЗАПИСИ АЛЕКСЕЙ ВОРОШИЛОВ ЗВУКОРЕЖИССЁР НА ПЛОЩАДКЕ — АНТОН МИГУР РЕКОРДИСТЫ РЕЧЕВОГО ОЗВУЧАНИЯ МАКСИМ КОРОТКИЙ / НАДЕЖДА БАЛАШОВА КООРДИНАТОР ПОСТ-ПРОДАКШН ПО ЗВУКУ КСЕНИЯ ОБОРИНА РЕЖИССЁР МОНТАЖА ИГОРЬ КОЛПАХЧИЕВ, К"
WMouECVFYlk,Дом с ментами | 5 серия | Тяга к природе,https://www.youtube.com/watch?v=WMouECVFYlk,Егор Смирнов,1.0,2401.0,credits_scan_dom_s_mentami/frames/WMouECVFYlk/frame_0032.jpg,"НАД ФИЛЬМОМ РАБОТАЛИ ВТОРОЙ ОПЕРАТОР АНДРЕЙ ТЫЧИНИН ФОКУС-ПУЛЛЕРЫ / МЕХАНИКИ — ЕГОР СМИРНОВ / ВИТАЛИЙ ГАЙШУН ФРОЛ СОРОКИН / МАКСИМ ОКУЛОВСКИЙ ДМИТРИЙ ЛЕБЕДИНСКИЙ ГАФФЕР АЛЕКСАНДР МАТУСЕВИЧ 'ОСВЕТИТЕЛЬ АЛЕКСЕЙ ХОХЛОВ ПРОДЮСЕР ПОСТ-ПРОДАКШН ПО ЗВУКУ АЛЕКСЕЙ ВОРОШИЛОВ ЗВУКОРЕЖИССЁР ПЕРЕЗАПИСИ АЛЕКСЕЙ ВОРОШИЛОВ ЗВУКОРЕЖИССЁР НА ПЛОЩАДКЕ — АНТОН МИГУР РЕКОРДИСТЫ РЕЧЕВОГО ОЗВУЧАНИЯ МАКСИМ КОРОТКИЙ / НАДЕЖДА БАЛАШОВА КООРДИНАТОР ПОСТ-ПРОДАКШН ПО ЗВУКУ КСЕНИЯ ОБОРИНА РЕЖИССЁР МОНТАЖА ИГОРЬ КОЛПАХЧИЕВ, К"
-1qf2IYO9rc,Дом с ментами | 8 серия | Гости дорогие,https://www.youtube.com/watch?v=-1qf2IYO9rc,Егор Смирнов,1.0,2292.0,credits_scan_dom_s_mentami/frames/-1qf2IYO9rc/frame_0022.jpg,НАД ФИЛЬМОМ РАБОТАЛИ ВТОРОЙ ОПЕРАТОР АНДРЕЙ ТЫЧИНИН ФОКУС-ПУЛЛЕРЫ / МЕХАНИКИ — ЕГОР СМИРНОВ / ВИТАЛИЙ ГАЙШУН ФРОЛ СОРОКИН / МАКСИМ ОКУЛОВСКИЙ ДМИТРИЙ ЛЕБЕДИНСКИЙ ГАФФЕР АЛЕКСАНДР МАТУСЕВИЧ 'ОСВЕТИТЕЛЬ АЛЕКСЕЙ ХОХЛОВ ПРОДЮСЕР ПОСТ-ПРОДАКШН ПО ЗВУКУ АЛЕКСЕЙ ВОРОШИЛОВ ЗВУКОРЕЖИССЁР ПЕРЕЗАПИСИ АЛЕКСЕЙ ВОРОШИЛОВ ЗВУКОРЕЖИССЁР НА ПЛОЩАДКЕ АНТОН МИГУР. РЕКОРДИСТЫ РЕЧЕВОГО ОЗВУЧАНИЯ МАКСИМ КОРОТКИЙ / НАДЕЖДА БАЛАШОВА КООРДИНАТОР ПОСТ-ПРОДАКШН ПО ЗВУКУ КСЕНИЯ ОБОРИНА. РЕЖИССЁР МОНТАЖА ИГОРЬ КОЛПАХЧИЕВ КО
-1qf2IYO9rc,Дом с ментами | 8 серия | Гости дорогие,https://www.youtube.com/watch?v=-1qf2IYO9rc,Егор Смирнов,1.0,2293.0,credits_scan_dom_s_mentami/frames/-1qf2IYO9rc/frame_0023.jpg,НАД ФИЛЬМОМ РАБОТАЛИ ВТОРОЙ ОПЕРАТОР АНДРЕЙ ТЫЧИНИН ФОКУС-ПУЛЛЕРЫ / МЕХАНИКИ — ЕГОР СМИРНОВ / ВИТАЛИЙ ГАЙШУН ФРОЛ СОРОКИН / МАКСИМ ОКУЛОВСКИЙ ДМИТРИЙ ЛЕБЕДИНСКИЙ ГАФФЕР АЛЕКСАНДР МАТУСЕВИЧ 'ОСВЕТИТЕЛЬ АЛЕКСЕЙ ХОХЛОВ ПРОДЮСЕР ПОСТ-ПРОДАКШН ПО ЗВУКУ АЛЕКСЕЙ ВОРОШИЛОВ ЗВУКОРЕЖИССЁР ПЕРЕЗАПИСИ АЛЕКСЕЙ ВОРОШИЛОВ ЗВУКОРЕЖИССЁР НА ПЛОЩАДКЕ АНТОН МИГУР. РЕКОРДИСТЫ РЕЧЕВОГО ОЗВУЧАНИЯ МАКСИМ КОРОТКИЙ / НАДЕЖДА БАЛАШОВА КООРДИНАТОР ПОСТ-ПРОДАКШН ПО ЗВУКУ КСЕНИЯ ОБОРИНА. РЕЖИССЁР МОНТАЖА ИГОРЬ КОЛПАХЧИЕВ КО
-1qf2IYO9rc,Дом с ментами | 8 серия | Гости дорогие,https://www.youtube.com/watch?v=-1qf2IYO9rc,Егор Смирнов,1.0,2294.0,credits_scan_dom_s_mentami/frames/-1qf2IYO9rc/frame_0024.jpg,НАД ФИЛЬМОМ РАБОТАЛИ ВТОРОЙ ОПЕРАТОР АНДРЕЙ ТЫЧИНИН ФОКУС-ПУЛЛЕРЫ / МЕХАНИКИ — ЕГОР СМИРНОВ / ВИТАЛИЙ ГАЙШУН ФРОЛ СОРОКИН / МАКСИМ ОКУЛОВСКИЙ ДМИТРИЙ ЛЕБЕДИНСКИЙ ГАФФЕР АЛЕКСАНДР МАТУСЕВИЧ 'ОСВЕТИТЕЛЬ АЛЕКСЕЙ ХОХЛОВ ПРОДЮСЕР ПОСТ-ПРОДАКШН ПО ЗВУКУ АЛЕКСЕЙ ВОРОШИЛОВ ЗВУКОРЕЖИССЁР ПЕРЕЗАПИСИ АЛЕКСЕЙ ВОРОШИЛОВ ЗВУКОРЕЖИССЁР НА ПЛОЩАДКЕ АНТОН МИГУР. РЕКОРДИСТЫ РЕЧЕВОГО ОЗВУЧАНИЯ МАКСИМ КОРОТКИЙ / НАДЕЖДА БАЛАШОВА КООРДИНАТОР ПОСТ-ПРОДАКШН ПО ЗВУКУ КСЕНИЯ ОБОРИНА. РЕЖИССЁР МОНТАЖА ИГОРЬ КОЛПАХЧИЕВ КО
-1qf2IYO9rc,Дом с ментами | 8 серия | Гости дорогие,https://www.youtube.com/watch?v=-1qf2IYO9rc,Егор Смирнов,1.0,2295.0,credits_scan_dom_s_mentami/frames/-1qf2IYO9rc/frame_0025.jpg,НАД ФИЛЬМОМ РАБОТАЛИ ВТОРОЙ ОПЕРАТОР АНДРЕЙ ТЫЧИНИН ФОКУС-ПУЛЛЕРЫ / МЕХАНИКИ — ЕГОР СМИРНОВ / ВИТАЛИЙ ГАЙШУН ФРОЛ СОРОКИН / МАКСИМ ОКУЛОВСКИЙ ДМИТРИЙ ЛЕБЕДИНСКИЙ ГАФФЕР АЛЕКСАНДР МАТУСЕВИЧ. 'ОСВЕТИТЕЛЬ АЛЕКСЕЙ ХОХЛОВ ПРОДЮСЕР ПОСТ-ПРОДАКШН ПО ЗВУКУ АЛЕКСЕЙ ВОРОШИЛОВ ЗВУКОРЕЖИССЁР ПЕРЕЗАПИСИ АЛЕКСЕЙ ВОРОШИЛОВ ЗВУКОРЕЖИССЁР НА ПЛОЩАДКЕ — АНТОН МИГУР РЕКОРДИСТЫ РЕЧЕВОГО ОЗВУЧАНИЯ МАКСИМ КОРОТКИЙ / НАДЕЖДА БАЛАШОВА КООРДИНАТОР ПОСТ-ПРОДАКШН ПО ЗВУКУ КСЕНИЯ ОБОРИНА РЕЖИССЁР МОНТАЖА ИГОРЬ КОЛПАХЧИЕВ К
gzWWikvSQzY,Дом с ментами | 9 серия | Рукописи не горят,https://www.youtube.com/watch?v=gzWWikvSQzY,Егор Смирнов,1.0,2396.0,credits_scan_dom_s_mentami/frames/gzWWikvSQzY/frame_0028.jpg,"НАД ФИЛЬМОМ РАБОТАЛИ ВТОРОЙ ОПЕРАТОР АНДРЕЙ ТЫЧИНИН ФОКУС-ПУЛЛЕРЫ / МЕХАНИКИ — ЕГОР СМИРНОВ / ВИТАЛИЙ ГАЙШУН ФРОЛ СОРОКИН / МАКСИМ ОКУЛОВСКИЙ ДМИТРИЙ ЛЕБЕДИНСКИЙ ГАФФЕР АЛЕКСАНДР МАТУСЕВИЧ. 'ОСВЕТИТЕЛЬ АЛЕКСЕЙ ХОХЛОВ ПРОДЮСЕР ПОСТ-ПРОДАКШН ПО ЗВУКУ АЛЕКСЕЙ ВОРОШИЛОВ ЗВУКОРЕЖИССЁР ПЕРЕЗАПИСИ АЛЕКСЕЙ ВОРОШИЛОВ ЗВУКОРЕЖИССЁР НА ПЛОЩАДКЕ АНТОН МИГУР. РЕКОРДИСТЫ РЕЧЕВОГО ОЗВУЧАНИЯ МАКСИМ КОРОТКИЙ / НАДЕЖДА БАЛАШОВА КООРДИНАТОР ПОСТ-ПРОДАКШН ПО ЗВУКУ КСЕНИЯ ОБОРИНА РЕЖИССЁР МОНТАЖА ИГОРЬ КОЛПАХЧИЕВ, К"
gzWWikvSQzY,Дом с ментами | 9 серия | Рукописи не горят,https://www.youtube.com/watch?v=gzWWikvSQzY,Егор Смирнов,1.0,2397.0,credits_scan_dom_s_mentami/frames/gzWWikvSQzY/frame_0029.jpg,"НАД ФИЛЬМОМ РАБОТАЛИ ВТОРОЙ ОПЕРАТОР АНДРЕЙ ТЫЧИНИН ФОКУС-ПУЛЛЕРЫ / МЕХАНИКИ — ЕГОР СМИРНОВ / ВИТАЛИЙ ГАЙШУН ФРОЛ СОРОКИН / МАКСИМ ОКУЛОВСКИЙ ДМИТРИЙ ЛЕБЕДИНСКИЙ ГАФФЕР АЛЕКСАНДР МАТУСЕВИЧ. 'ОСВЕТИТЕЛЬ АЛЕКСЕЙ ХОХЛОВ ПРОДЮСЕР ПОСТ-ПРОДАКШН ПО ЗВУКУ АЛЕКСЕЙ ВОРОШИЛОВ ЗВУКОРЕЖИССЁР ПЕРЕЗАПИСИ АЛЕКСЕЙ ВОРОШИЛОВ ЗВУКОРЕЖИССЁР НА ПЛОЩАДКЕ АНТОН МИГУР. РЕКОРДИСТЫ РЕЧЕВОГО ОЗВУЧАНИЯ МАКСИМ КОРОТКИЙ / НАДЕЖДА БАЛАШОВА КООРДИНАТОР ПОСТ-ПРОДАКШН ПО ЗВУКУ КСЕНИЯ ОБОРИНА. РЕЖИССЁР МОНТАЖА ИГОРЬ КОЛПАХЧИЕВ, "
gzWWikvSQzY,Дом с ментами | 9 серия | Рукописи не горят,https://www.youtube.com/watch?v=gzWWikvSQzY,Егор Смирнов,1.0,2398.0,credits_scan_dom_s_mentami/frames/gzWWikvSQzY/frame_0030.jpg,"НАД ФИЛЬМОМ РАБОТАЛИ ВТОРОЙ ОПЕРАТОР АНДРЕЙ ТЫЧИНИН ФОКУС-ПУЛЛЕРЫ / МЕХАНИКИ — ЕГОР СМИРНОВ / ВИТАЛИЙ ГАЙШУН ФРОЛ СОРОКИН / МАКСИМ ОКУЛОВСКИЙ ДМИТРИЙ ЛЕБЕДИНСКИЙ ГАФФЕР АЛЕКСАНДР МАТУСЕВИЧ. 'ОСВЕТИТЕЛЬ АЛЕКСЕЙ ХОХЛОВ ПРОДЮСЕР ПОСТ-ПРОДАКШН ПО ЗВУКУ АЛЕКСЕЙ ВОРОШИЛОВ ЗВУКОРЕЖИССЁР ПЕРЕЗАПИСИ АЛЕКСЕЙ ВОРОШИЛОВ ЗВУКОРЕЖИССЁР НА ПЛОЩАДКЕ АНТОН МИГУР. РЕКОРДИСТЫ РЕЧЕВОГО ОЗВУЧАНИЯ МАКСИМ КОРОТКИЙ / НАДЕЖДА БАЛАШОВА КООРДИНАТОР ПОСТ-ПРОДАКШН ПО ЗВУКУ КСЕНИЯ ОБОРИНА. РЕЖИССЁР МОНТАЖА ИГОРЬ КОЛПАХЧИЕВ, "
gzWWikvSQzY,Дом с ментами | 9 серия | Рукописи не горят,https://www.youtube.com/watch?v=gzWWikvSQzY,Егор Смирнов,1.0,2399.0,credits_scan_dom_s_mentami/frames/gzWWikvSQzY/frame_0031.jpg,"НАД ФИЛЬМОМ РАБОТАЛИ ВТОРОЙ ОПЕРАТОР АНДРЕЙ ТЫЧИНИН ФОКУС-ПУЛЛЕРЫ / МЕХАНИКИ — ЕГОР СМИРНОВ / ВИТАЛИЙ ГАЙШУН ФРОЛ СОРОКИН / МАКСИМ ОКУЛОВСКИЙ ДМИТРИЙ ЛЕБЕДИНСКИЙ ГАФФЕР АЛЕКСАНДР МАТУСЕВИЧ. 'ОСВЕТИТЕЛЬ АЛЕКСЕЙ ХОХЛОВ ПРОДЮСЕР ПОСТ-ПРОДАКШН ПО ЗВУКУ АЛЕКСЕЙ ВОРОШИЛОВ ЗВУКОРЕЖИССЁР ПЕРЕЗАПИСИ АЛЕКСЕЙ ВОРОШИЛОВ ЗВУКОРЕЖИССЁР НА ПЛОЩАДКЕ АНТОН МИГУР. РЕКОРДИСТЫ РЕЧЕВОГО ОЗВУЧАНИЯ МАКСИМ КОРОТКИЙ / НАДЕЖДА БАЛАШОВА КООРДИНАТОР ПОСТ-ПРОДАКШН ПО ЗВУКУ КСЕНИЯ ОБОРИНА. РЕЖИССЁР МОНТАЖА ИГОРЬ КОЛПАХЧИЕВ, "
7UkbyRtmjxs,Дом с ментами | 10 серия | Интервью с того света,https://www.youtube.com/watch?v=7UkbyRtmjxs,Егор Смирнов,1.0,2344.0,credits_scan_dom_s_mentami/frames/7UkbyRtmjxs/frame_0024.jpg,НАД ФИЛЬМОМ РАБОТАЛИ ВТОРОЙ ОПЕРАТОР АНДРЕЙ ТЫЧИНИН ФОКУС-ПУЛЛЕРЫ / МЕХАНИКИ — ЕГОР СМИРНОВ / ВИТАЛИЙ ГАЙШУН ФРОЛ СОРОКИН / МАКСИМ ОКУЛОВСКИЙ ДМИТРИЙ ЛЕБЕДИНСКИЙ ГАФФЕР АЛЕКСАНДР МАТУСЕВИЧ 'ОСВЕТИТЕЛЬ АЛЕКСЕЙ ХОХЛОВ ПРОДЮСЕР ПОСТ-ПРОДАКШН ПО ЗВУКУ АЛЕКСЕЙ ВОРОШИЛОВ ЗВУКОРЕЖИССЁР ПЕРЕЗАПИСИ АЛЕКСЕЙ ВОРОШИЛОВ ЗВУКОРЕЖИССЁР НА ПЛОЩАДКЕ — АНТОН МИГУР РЕКОРДИСТЫ РЕЧЕВОГО ОЗВУЧАНИЯ МАКСИМ КОРОТКИЙ / НАДЕЖДА БАЛАШОВА КООРДИНАТОР ПОСТ-ПРОДАКШН ПО ЗВУКУ КСЕНИЯ ОБОРИНА РЕЖИССЁР МОНТАЖА ИГОРЬ КОЛПАХЧИЕВ КО
7UkbyRtmjxs,Дом с ментами | 10 серия | Интервью с того света,https://www.youtube.com/watch?v=7UkbyRtmjxs,Егор Смирнов,1.0,2345.0,credits_scan_dom_s_mentami/frames/7UkbyRtmjxs/frame_0025.jpg,НАД ФИЛЬМОМ РАБОТАЛИ ВТОРОЙ ОПЕРАТОР АНДРЕЙ ТЫЧИНИН ФОКУС-ПУЛЛЕРЫ / МЕХАНИКИ — ЕГОР СМИРНОВ / ВИТАЛИЙ ГАЙШУН ФРОЛ СОРОКИН / МАКСИМ ОКУЛОВСКИЙ ДМИТРИЙ ЛЕБЕДИНСКИЙ ГАФФЕР АЛЕКСАНДР МАТУСЕВИЧ 'ОСВЕТИТЕЛЬ АЛЕКСЕЙ ХОХЛОВ ПРОДЮСЕР ПОСТ-ПРОДАКШН ПО ЗВУКУ АЛЕКСЕЙ ВОРОШИЛОВ ЗВУКОРЕЖИССЁР ПЕРЕЗАПИСИ АЛЕКСЕЙ ВОРОШИЛОВ ЗВУКОРЕЖИССЁР НА ПЛОЩАДКЕ — АНТОН МИГУР РЕКОРДИСТЫ РЕЧЕВОГО ОЗВУЧАНИЯ МАКСИМ КОРОТКИЙ / НАДЕЖДА БАЛАШОВА КООРДИНАТОР ПОСТ-ПРОДАКШН ПО ЗВУКУ КСЕНИЯ ОБОРИНА РЕЖИССЁР МОНТАЖА ИГОРЬ КОЛПАХЧИЕВ КО
7UkbyRtmjxs,Дом с ментами | 10 серия | Интервью с того света,https://www.youtube.com/watch?v=7UkbyRtmjxs,Егор Смирнов,1.0,2346.0,credits_scan_dom_s_mentami/frames/7UkbyRtmjxs/frame_0026.jpg,НАД ФИЛЬМОМ РАБОТАЛИ ВТОРОЙ ОПЕРАТОР АНДРЕЙ ТЫЧИНИН ФОКУС-ПУЛЛЕРЫ / МЕХАНИКИ — ЕГОР СМИРНОВ / ВИТАЛИЙ ГАЙШУН ФРОЛ СОРОКИН / МАКСИМ ОКУЛОВСКИЙ ДМИТРИЙ ЛЕБЕДИНСКИЙ ГАФФЕР АЛЕКСАНДР МАТУСЕВИЧ 'ОСВЕТИТЕЛЬ АЛЕКСЕЙ ХОХЛОВ ПРОДЮСЕР ПОСТ-ПРОДАКШН ПО ЗВУКУ АЛЕКСЕЙ ВОРОШИЛОВ ЗВУКОРЕЖИССЁР ПЕРЕЗАПИСИ АЛЕКСЕЙ ВОРОШИЛОВ ЗВУКОРЕЖИССЁР НА ПЛОЩАДКЕ — АНТОН МИГУР РЕКОРДИСТЫ РЕЧЕВОГО ОЗВУЧАНИЯ МАКСИМ КОРОТКИЙ / НАДЕЖДА БАЛАШОВА КООРДИНАТОР ПОСТ-ПРОДАКШН ПО ЗВУКУ КСЕНИЯ ОБОРИНА РЕЖИССЁР МОНТАЖА ИГОРЬ КОЛПАХЧИЕВ КО
7UkbyRtmjxs,Дом с ментами | 10 серия | Интервью с того света,https://www.youtube.com/watch?v=7UkbyRtmjxs,Егор Смирнов,1.0,2347.0,credits_scan_dom_s_mentami/frames/7UkbyRtmjxs/frame_0027.jpg,НАД ФИЛЬМОМ РАБОТАЛИ ВТОРОЙ ОПЕРАТОР АНДРЕЙ ТЫЧИНИН ФОКУС-ПУЛЛЕРЫ / МЕХАНИКИ — ЕГОР СМИРНОВ / ВИТАЛИЙ ГАЙШУН ФРОЛ СОРОКИН / МАКСИМ ОКУЛОВСКИЙ ДМИТРИЙ ЛЕБЕДИНСКИЙ ГАФФЕР АЛЕКСАНДР МАТУСЕВИЧ 'ОСВЕТИТЕЛЬ АЛЕКСЕЙ ХОХЛОВ ПРОДЮСЕР ПОСТ-ПРОДАКШН ПО ЗВУКУ АЛЕКСЕЙ ВОРОШИЛОВ ЗВУКОРЕЖИССЁР ПЕРЕЗАПИСИ АЛЕКСЕЙ ВОРОШИЛОВ ЗВУКОРЕЖИССЁР НА ПЛОЩАДКЕ — АНТОН МИГУР РЕКОРДИСТЫ РЕЧЕВОГО ОЗВУЧАНИЯ МАКСИМ КОРОТКИЙ / НАДЕЖДА БАЛАШОВА КООРДИНАТОР ПОСТ-ПРОДАКШН ПО ЗВУКУ КСЕНИЯ ОБОРИНА РЕЖИССЁР МОНТАЖА ИГОРЬ КОЛПАХЧИЕВ КО
yslg-G65Lj8,Дом с ментами | 11 серия | Волчье слово,https://www.youtube.com/watch?v=yslg-G65Lj8,Егор Смирнов,1.0,2344.0,credits_scan_dom_s_mentami/frames/yslg-G65Lj8/frame_0022.jpg,НАД ФИЛЬМОМ РАБОТАЛИ ВТОРОЙ ОПЕРАТОР АНДРЕЙ ТЫЧИНИН ФОКУС-ПУЛЛЕРЫ / МЕХАНИКИ — ЕГОР СМИРНОВ / ВИТАЛИЙ ГАЙШУН ФРОЛ СОРОКИН / МАКСИМ ОКУЛОВСКИЙ ДМИТРИЙ ЛЕБЕДИНСКИЙ ГАФФЕР АЛЕКСАНДР МАТУСЕВИЧ 'ОСВЕТИТЕЛЬ АЛЕКСЕЙ ХОХЛОВ ПРОДЮСЕР ПОСТ-ПРОДАКШН ПО ЗВУКУ АЛЕКСЕЙ ВОРОШИЛОВ ЗВУКОРЕЖИССЁР ПЕРЕЗАПИСИ АЛЕКСЕЙ ВОРОШИЛОВ ЗВУКОРЕЖИССЁР НА ПЛОЩАДКЕ — АНТОН МИГУР РЕКОРДИСТЫ РЕЧЕВОГО ОЗВУЧАНИЯ МАКСИМ КОРОТКИЙ / НАДЕЖДА БАЛАШОВА КООРДИНАТОР ПОСТ-ПРОДАКШН ПО ЗВУКУ КСЕНИЯ ОБОРИНА РЕЖИССЁР МОНТАЖА ИГОРЬ КОЛПАХЧИЕВ КО
yslg-G65Lj8,Дом с ментами | 11 серия | Волчье слово,https://www.youtube.com/watch?v=yslg-G65Lj8,Егор Смирнов,1.0,2345.0,credits_scan_dom_s_mentami/frames/yslg-G65Lj8/frame_0023.jpg,НАД ФИЛЬМОМ РАБОТАЛИ ВТОРОЙ ОПЕРАТОР АНДРЕЙ ТЫЧИНИН ФОКУС-ПУЛЛЕРЫ / МЕХАНИКИ — ЕГОР СМИРНОВ / ВИТАЛИЙ ГАЙШУН ФРОЛ СОРОКИН / МАКСИМ ОКУЛОВСКИЙ ДМИТРИЙ ЛЕБЕДИНСКИЙ ГАФФЕР АЛЕКСАНДР МАТУСЕВИЧ 'ОСВЕТИТЕЛЬ АЛЕКСЕЙ ХОХЛОВ ПРОДЮСЕР ПОСТ-ПРОДАКШН ПО ЗВУКУ АЛЕКСЕЙ ВОРОШИЛОВ ЗВУКОРЕЖИССЁР ПЕРЕЗАПИСИ АЛЕКСЕЙ ВОРОШИЛОВ ЗВУКОРЕЖИССЁР НА ПЛОЩАДКЕ — АНТОН МИГУР РЕКОРДИСТЫ РЕЧЕВОГО ОЗВУЧАНИЯ МАКСИМ КОРОТКИЙ / НАДЕЖДА БАЛАШОВА КООРДИНАТОР ПОСТ-ПРОДАКШН ПО ЗВУКУ КСЕНИЯ ОБОРИНА РЕЖИССЁР МОНТАЖА ИГОРЬ КОЛПАХЧИЕВ КО
yslg-G65Lj8,Дом с ментами | 11 серия | Волчье слово,https://www.youtube.com/watch?v=yslg-G65Lj8,Егор Смирнов,1.0,2346.0,credits_scan_dom_s_mentami/frames/yslg-G65Lj8/frame_0024.jpg,НАД ФИЛЬМОМ РАБОТАЛИ ВТОРОЙ ОПЕРАТОР АНДРЕЙ ТЫЧИНИН ФОКУС-ПУЛЛЕРЫ / МЕХАНИКИ — ЕГОР СМИРНОВ / ВИТАЛИЙ ГАЙШУН ФРОЛ СОРОКИН / МАКСИМ ОКУЛОВСКИЙ ДМИТРИЙ ЛЕБЕДИНСКИЙ ГАФФЕР АЛЕКСАНДР МАТУСЕВИЧ 'ОСВЕТИТЕЛЬ АЛЕКСЕЙ ХОХЛОВ ПРОДЮСЕР ПОСТ-ПРОДАКШН ПО ЗВУКУ АЛЕКСЕЙ ВОРОШИЛОВ ЗВУКОРЕЖИССЁР ПЕРЕЗАПИСИ АЛЕКСЕЙ ВОРОШИЛОВ ЗВУКОРЕЖИССЁР НА ПЛОЩАДКЕ — АНТОН МИГУР РЕКОРДИСТЫ РЕЧЕВОГО ОЗВУЧАНИЯ МАКСИМ КОРОТКИЙ / НАДЕЖДА БАЛАШОВА КООРДИНАТОР ПОСТ-ПРОДАКШН ПО ЗВУКУ КСЕНИЯ ОБОРИНА РЕЖИССЁР МОНТАЖА ИГОРЬ КОЛПАХЧИЕВ КО
yslg-G65Lj8,Дом с ментами | 11 серия | Волчье слово,https://www.youtube.com/watch?v=yslg-G65Lj8,Егор Смирнов,1.0,2347.0,credits_scan_dom_s_mentami/frames/yslg-G65Lj8/frame_0025.jpg,НАД ФИЛЬМОМ РАБОТАЛИ ВТОРОЙ ОПЕРАТОР АНДРЕЙ ТЫЧИНИН ФОКУС-ПУЛЛЕРЫ / МЕХАНИКИ — ЕГОР СМИРНОВ / ВИТАЛИЙ ГАЙШУН ФРОЛ СОРОКИН / МАКСИМ ОКУЛОВСКИЙ ДМИТРИЙ ЛЕБЕДИНСКИЙ ГАФФЕР АЛЕКСАНДР МАТУСЕВИЧ 'ОСВЕТИТЕЛЬ АЛЕКСЕЙ ХОХЛОВ ПРОДЮСЕР ПОСТ-ПРОДАКШН ПО ЗВУКУ АЛЕКСЕЙ ВОРОШИЛОВ ЗВУКОРЕЖИССЁР ПЕРЕЗАПИСИ АЛЕКСЕЙ ВОРОШИЛОВ ЗВУКОРЕЖИССЁР НА ПЛОЩАДКЕ — АНТОН МИГУР РЕКОРДИСТЫ РЕЧЕВОГО ОЗВУЧАНИЯ МАКСИМ КОРОТКИЙ / НАДЕЖДА БАЛАШОВА КООРДИНАТОР ПОСТ-ПРОДАКШН ПО ЗВУКУ КСЕНИЯ ОБОРИНА РЕЖИССЁР МОНТАЖА ИГОРЬ КОЛПАХЧИЕВ КО
FydSNuTqheE,Дом с ментами | 12 серия | Мужской клуб,https://www.youtube.com/watch?v=FydSNuTqheE,Егор Смирнов,1.0,2341.0,credits_scan_dom_s_mentami/frames/FydSNuTqheE/frame_0025.jpg,НАД ФИЛЬМОМ РАБОТАЛИ ВТОРОЙ ОПЕРАТОР — ИЛЬЯ БЕГЛЕНОК ФОКУС-ПУЛЛЕРЫ / МЕХАНИКИ — ЕГОР СМИРНОВ / МАКСИМ ОКУЛОВСКИЙ ДМИТРИЙ ЛЕБЕДИНСКИЙ / ВИТАЛИЙ ГАЙШУН ГАФФЕРЫ — ИЛЬЯ ЧЕРНОВ / АНДРЕЙ СУСОРОВ ОСВЕТИТЕЛИ — ОЛЕГ МАРКИН / АРТЁМ ПУПКО ПРОДЮСЕР ПОСТ-ПРОДАКШН ПО ЗВУКУ — АЛЕКСЕЙ ВОРОШИЛОВ ЗВУКОРЕЖИССЁР ПЕРЕЗАПИСИ — АЛЕКСЕЙ ВОРОШИЛОВ ЗВУКОРЕЖИССЁР НА ПЛОЩАДКЕ — АЛЕКСАНДР ЯВИСЕНКО РЕКОРДИСТЫ РЕЧЕВОГО ОЗВУЧАНИЯ — МАКСИМ КОРОТКИЙ / НАДЕЖДА БАЛАШОВА КООРДИНАТОР ПОСТ-ПРОДАКШН ПО ЗВУКУ — КСЕНИЯ ОБОРИНА РЕЖИССЁР 
FydSNuTqheE,Дом с ментами | 12 серия | Мужской клуб,https://www.youtube.com/watch?v=FydSNuTqheE,Егор Смирнов,1.0,2342.0,credits_scan_dom_s_mentami/frames/FydSNuTqheE/frame_0026.jpg,НАД ФИЛЬМОМ РАБОТАЛИ ВТОРОЙ ОПЕРАТОР — ИЛЬЯ БЕГЛЕНОК ФОКУС-ПУЛЛЕРЫ / МЕХАНИКИ — ЕГОР СМИРНОВ / МАКСИМ ОКУЛОВСКИЙ ДМИТРИЙ ЛЕБЕДИНСКИЙ / ВИТАЛИЙ ГАЙШУН ГАФФЕРЫ — ИЛЬЯ ЧЕРНОВ / АНДРЕЙ СУСОРОВ ОСВЕТИТЕЛИ — ОЛЕГ МАРКИН / АРТЁМ ПУПКО ПРОДЮСЕР ПОСТ-ПРОДАКШН ПО ЗВУКУ — АЛЕКСЕЙ ВОРОШИЛОВ ЗВУКОРЕЖИССЁР ПЕРЕЗАПИСИ — АЛЕКСЕЙ ВОРОШИЛОВ ЗВУКОРЕЖИССЁР НА ПЛОЩАДКЕ — АЛЕКСАНДР ЯВИСЕНКО РЕКОРДИСТЫ РЕЧЕВОГО ОЗВУЧАНИЯ — МАКСИМ КОРОТКИЙ / НАДЕЖДА БАЛАШОВА КООРДИНАТОР ПОСТ-ПРОДАКШН ПО ЗВУКУ — КСЕНИЯ ОБОРИНА РЕЖИССЁР 
FydSNuTqheE,Дом с ментами | 12 серия | Мужской клуб,https://www.youtube.com/watch?v=FydSNuTqheE,Егор Смирнов,1.0,2343.0,credits_scan_dom_s_mentami/frames/FydSNuTqheE/frame_0027.jpg,НАД ФИЛЬМОМ РАБОТАЛИ ВТОРОЙ ОПЕРАТОР — ИЛЬЯ БЕГЛЕНОК ФОКУС-ПУЛЛЕРЫ / МЕХАНИКИ — ЕГОР СМИРНОВ / МАКСИМ ОКУЛОВСКИЙ ДМИТРИЙ ЛЕБЕДИНСКИЙ / ВИТАЛИЙ ГАЙШУН ГАФФЕРЫ — ИЛЬЯ ЧЕРНОВ / АНДРЕЙ СУСОРОВ ОСВЕТИТЕЛИ — ОЛЕГ МАРКИН / АРТЁМ ПУПКО ПРОДЮСЕР ПОСТ-ПРОДАКШН ПО ЗВУКУ — АЛЕКСЕЙ ВОРОШИЛОВ ЗВУКОРЕЖИССЁР ПЕРЕЗАПИСИ — АЛЕКСЕЙ ВОРОШИЛОВ ЗВУКОРЕЖИССЁР НА ПЛОЩАДКЕ — АЛЕКСАНДР ЯВИСЕНКО РЕКОРДИСТЫ РЕЧЕВОГО ОЗВУЧАНИЯ — МАКСИМ КОРОТКИЙ / НАДЕЖДА БАЛАШОВА КООРДИНАТОР ПОСТ-ПРОДАКШН ПО ЗВУКУ — КСЕНИЯ ОБОРИНА РЕЖИССЁР 
FydSNuTqheE,Дом с ментами | 12 серия | Мужской клуб,https://www.youtube.com/watch?v=FydSNuTqheE,Егор Смирнов,1.0,2344.0,credits_scan_dom_s_mentami/frames/FydSNuTqheE/frame_0028.jpg,НАД ФИЛЬМОМ РАБОТАЛИ ВТОРОЙ ОПЕРАТОР — ИЛЬЯ БЕГЛЕНОК ФОКУС-ПУЛЛЕРЫ / МЕХАНИКИ — ЕГОР СМИРНОВ / МАКСИМ ОКУЛОВСКИЙ ДМИТРИЙ ЛЕБЕДИНСКИЙ / ВИТАЛИЙ ГАЙШУН ГАФФЕРЫ — ИЛЬЯ ЧЕРНОВ / АНДРЕЙ СУСОРОВ ОСВЕТИТЕЛИ — ОЛЕГ МАРКИН / АРТЁМ ПУПКО ПРОДЮСЕР ПОСТ-ПРОДАКШН ПО ЗВУКУ — АЛЕКСЕЙ ВОРОШИЛОВ ЗВУКОРЕЖИССЁР ПЕРЕЗАПИСИ — АЛЕКСЕЙ ВОРОШИЛОВ ЗВУКОРЕЖИССЁР НА ПЛОЩАДКЕ — АЛЕКСАНДР ЯВИСЕНКО РЕКОРДИСТЫ РЕЧЕВОГО ОЗВУЧАНИЯ — МАКСИМ КОРОТКИЙ / НАДЕЖДА БАЛАШОВА КООРДИНАТОР ПОСТ-ПРОДАКШН ПО ЗВУКУ — КСЕНИЯ ОБОРИНА РЕЖИССЁР 
m670uSIZ3zI,Дом с ментами | 13 серия | Ночь темна,https://www.youtube.com/watch?v=m670uSIZ3zI,Егор Смирнов,1.0,2300.0,credits_scan_dom_s_mentami/frames/m670uSIZ3zI/frame_0020.jpg,НАД ФИЛЬМОМ РАБОТАЛИ ВТОРОЙ ОПЕРАТОР — ИЛЬЯ БЕГЛЕНОК ФОКУС-ПУЛЛЕРЫ / МЕХАНИКИ — ЕГОР СМИРНОВ / МАКСИМ ОКУЛОВСКИЙ ДМИТРИЙ ЛЕБЕДИНСКИЙ / ВИТАЛИЙ ГАЙШУН ГАФФЕРЫ — ИЛЬЯ ЧЕРНОВ / АНДРЕЙ СУСОРОВ ОСВЕТИТЕЛИ — ОЛЕГ МАРКИН / АРТЁМ ПУПКО ПРОДЮСЕР ПОСТ-ПРОДАКШН ПО ЗВУКУ — АЛЕКСЕЙ ВОРОШИЛОВ ЗВУКОРЕЖИССЁР ПЕРЕЗАПИСИ — АЛЕКСЕЙ ВОРОШИЛОВ ЗВУКОРЕЖИССЁР НА ПЛОЩАДКЕ — АЛЕКСАНДР ЯВИСЕНКО РЕКОРДИСТЫ РЕЧЕВОГО ОЗВУЧАНИЯ — МАКСИМ КОРОТКИЙ / НАДЕЖДА БАЛАШОВА КООРДИНАТОР ПОСТ-ПРОДАКШН ПО ЗВУКУ — КСЕНИЯ ОБОРИНА РЕЖИССЁР 
m670uSIZ3zI,Дом с ментами | 13 серия | Ночь темна,https://www.youtube.com/watch?v=m670uSIZ3zI,Егор Смирнов,1.0,2301.0,credits_scan_dom_s_mentami/frames/m670uSIZ3zI/frame_0021.jpg,НАД ФИЛЬМОМ РАБОТАЛИ ВТОРОЙ ОПЕРАТОР — ИЛЬЯ БЕГЛЕНОК ФОКУС-ПУЛЛЕРЫ / МЕХАНИКИ — ЕГОР СМИРНОВ /МАКСИМ ОКУЛОВСКИЙ ДМИТРИЙ ЛЕБЕДИНСКИЙ / ВИТАЛИЙ ГАЙШУН ГАФФЕРЫ — ИЛЬЯ ЧЕРНОВ / АНДРЕЙ СУСОРОВ ОСВЕТИТЕЛИ — ОЛЕГ МАРКИН / АРТЁМ ПУПКО ПРОДЮСЕР ПОСТ-ПРОДАКШН ПО ЗВУКУ — АЛЕКСЕЙ ВОРОШИЛОВ ЗВУКОРЕЖИССЁР ПЕРЕЗАПИСИ — АЛЕКСЕЙ ВОРОШИЛОВ ЗВУКОРЕЖИССЁР НА ПЛОЩАДКЕ — АЛЕКСАНДР ЯВИСЕНКО РЕКОРДИСТЫ РЕЧЕВОГО ОЗВУЧАНИЯ — МАКСИМ КОРОТКИЙ / НАДЕЖДА БАЛАШОВА КООРДИНАТОР ПОСТ-ПРОДАКШН ПО ЗВУКУ — КСЕНИЯ ОБОРИНА РЕЖИССЁР М
m670uSIZ3zI,Дом с ментами | 13 серия | Ночь темна,https://www.youtube.com/watch?v=m670uSIZ3zI,Егор Смирнов,1.0,2302.0,credits_scan_dom_s_mentami/frames/m670uSIZ3zI/frame_0022.jpg,НАД ФИЛЬМОМ РАБОТАЛИ ВТОРОЙ ОПЕРАТОР — ИЛЬЯ БЕГЛЕНОК ФОКУС-ПУЛЛЕРЫ / МЕХАНИКИ — ЕГОР СМИРНОВ /МАКСИМ ОКУЛОВСКИЙ ДМИТРИЙ ЛЕБЕДИНСКИЙ / ВИТАЛИЙ ГАЙШУН ГАФФЕРЫ — ИЛЬЯ ЧЕРНОВ / АНДРЕЙ СУСОРОВ ОСВЕТИТЕЛИ — ОЛЕГ МАРКИН / АРТЁМ ПУПКО ПРОДЮСЕР ПОСТ-ПРОДАКШН ПО ЗВУКУ — АЛЕКСЕЙ ВОРОШИЛОВ ЗВУКОРЕЖИССЁР ПЕРЕЗАПИСИ — АЛЕКСЕЙ ВОРОШИЛОВ ЗВУКОРЕЖИССЁР НА ПЛОЩАДКЕ — АЛЕКСАНДР ЯВИСЕНКО РЕКОРДИСТЫ РЕЧЕВОГО ОЗВУЧАНИЯ — МАКСИМ КОРОТКИЙ / НАДЕЖДА БАЛАШОВА КООРДИНАТОР ПОСТ-ПРОДАКШН ПО ЗВУКУ — КСЕНИЯ ОБОРИНА РЕЖИССЁР М
m670uSIZ3zI,Дом с ментами | 13 серия | Ночь темна,https://www.youtube.com/watch?v=m670uSIZ3zI,Егор Смирнов,1.0,2303.0,credits_scan_dom_s_mentami/frames/m670uSIZ3zI/frame_0023.jpg,НАД ФИЛЬМОМ РАБОТАЛИ ВТОРОЙ ОПЕРАТОР — ИЛЬЯ БЕГЛЕНОК ФОКУС-ПУЛЛЕРЫ / МЕХАНИКИ — ЕГОР СМИРНОВ /МАКСИМ ОКУЛОВСКИЙ ДМИТРИЙ ЛЕБЕДИНСКИЙ / ВИТАЛИЙ ГАЙШУН ГАФФЕРЫ — ИЛЬЯ ЧЕРНОВ / АНДРЕЙ СУСОРОВ ОСВЕТИТЕЛИ — ОЛЕГ МАРКИН / АРТЁМ ПУПКО ПРОДЮСЕР ПОСТ-ПРОДАКШН ПО ЗВУКУ — АЛЕКСЕЙ ВОРОШИЛОВ ЗВУКОРЕЖИССЁР ПЕРЕЗАПИСИ — АЛЕКСЕЙ ВОРОШИЛОВ ЗВУКОРЕЖИССЁР НА ПЛОЩАДКЕ — АЛЕКСАНДР ЯВИСЕНКО РЕКОРДИСТЫ РЕЧЕВОГО ОЗВУЧАНИЯ — МАКСИМ КОРОТКИЙ / НАДЕЖДА БАЛАШОВА КООРДИНАТОР ПОСТ-ПРОДАКШН ПО ЗВУКУ — КСЕНИЯ ОБОРИНА РЕЖИССЁР М
ISKUXNblRwE,Дом с ментами | 14 серия | Идущий по пятам,https://www.youtube.com/watch?v=ISKUXNblRwE,Егор Смирнов,1.0,2318.0,credits_scan_dom_s_mentami/frames/ISKUXNblRwE/frame_0024.jpg,НАД ФИЛЬМОМ РАБОТАЛИ ВТОРОЙ ОПЕРАТОР — ИЛЬЯ БЕГЛЕНОК ФОКУС-ПУЛЛЕРЫ / МЕХАНИКИ — ЕГОР СМИРНОВ / МАКСИМ ОКУЛОВСКИЙ ДМИТРИЙ ЛЕБЕДИНСКИЙ / ВИТАЛИЙ ГАЙШУН ГАФФЕРЫ — ИЛЬЯ ЧЕРНОВ / АНДРЕЙ СУСОРОВ ОСВЕТИТЕЛИ — ОЛЕГ МАРКИН / АРТЁМ ПУПКО ПРОДЮСЕР ПОСТ-ПРОДАКШН ПО ЗВУКУ — АЛЕКСЕЙ ВОРОШИЛОВ ЗВУКОРЕЖИССЁР ПЕРЕЗАПИСИ — АЛЕКСЕЙ ВОРОШИЛОВ ЗВУКОРЕЖИССЁР НА ПЛОЩАДКЕ — АЛЕКСАНДР ЯВИСЕНКО РЕКОРДИСТЫ РЕЧЕВОГО ОЗВУЧАНИЯ — МАКСИМ КОРОТКИЙ / НАДЕЖДА БАЛАШОВА КООРДИНАТОР ПОСТ-ПРОДАКШН ПО ЗВУКУ — КСЕНИЯ ОБОРИНА РЕЖИССЁР 
ISKUXNblRwE,Дом с ментами | 14 серия | Идущий по пятам,https://www.youtube.com/watch?v=ISKUXNblRwE,Егор Смирнов,1.0,2319.0,credits_scan_dom_s_mentami/frames/ISKUXNblRwE/frame_0025.jpg,НАД ФИЛЬМОМ РАБОТАЛИ ВТОРОЙ ОПЕРАТОР — ИЛЬЯ БЕГЛЕНОК ФОКУС-ПУЛЛЕРЫ / МЕХАНИКИ — ЕГОР СМИРНОВ / МАКСИМ ОКУЛОВСКИЙ ДМИТРИЙ ЛЕБЕДИНСКИЙ / ВИТАЛИЙ ГАЙШУН ГАФФЕРЫ — ИЛЬЯ ЧЕРНОВ / АНДРЕЙ СУСОРОВ ОСВЕТИТЕЛИ — ОЛЕГ МАРКИН / АРТЁМ ПУПКО ПРОДЮСЕР ПОСТ-ПРОДАКШН ПО ЗВУКУ — АЛЕКСЕЙ ВОРОШИЛОВ ЗВУКОРЕЖИССЁР ПЕРЕЗАПИСИ — АЛЕКСЕЙ ВОРОШИЛОВ ЗВУКОРЕЖИССЁР НА ПЛОЩАДКЕ — АЛЕКСАНДР ЯВИСЕНКО РЕКОРДИСТЫ РЕЧЕВОГО ОЗВУЧАНИЯ — МАКСИМ КОРОТКИЙ / НАДЕЖДА БАЛАШОВА КООРДИНАТОР ПОСТ-ПРОДАКШН ПО ЗВУКУ — КСЕНИЯ ОБОРИНА РЕЖИССЁР 
ISKUXNblRwE,Дом с ментами | 14 серия | Идущий по пятам,https://www.youtube.com/watch?v=ISKUXNblRwE,Егор Смирнов,1.0,2320.0,credits_scan_dom_s_mentami/frames/ISKUXNblRwE/frame_0026.jpg,НАД ФИЛЬМОМ РАБОТАЛИ ВТОРОЙ ОПЕРАТОР — ИЛЬЯ БЕГЛЕНОК ФОКУС-ПУЛЛЕРЫ / МЕХАНИКИ — ЕГОР СМИРНОВ / МАКСИМ ОКУЛОВСКИЙ ДМИТРИЙ ЛЕБЕДИНСКИЙ / ВИТАЛИЙ ГАЙШУН ГАФФЕРЫ — ИЛЬЯ ЧЕРНОВ / АНДРЕЙ СУСОРОВ ОСВЕТИТЕЛИ — ОЛЕГ МАРКИН / АРТЁМ ПУПКО ПРОДЮСЕР ПОСТ-ПРОДАКШН ПО ЗВУКУ — АЛЕКСЕЙ ВОРОШИЛОВ ЗВУКОРЕЖИССЁР ПЕРЕЗАПИСИ — АЛЕКСЕЙ ВОРОШИЛОВ ЗВУКОРЕЖИССЁР НА ПЛОЩАДКЕ — АЛЕКСАНДР ЯВИСЕНКО РЕКОРДИСТЫ РЕЧЕВОГО ОЗВУЧАНИЯ — МАКСИМ КОРОТКИЙ / НАДЕЖДА БАЛАШОВА КООРДИНАТОР ПОСТ-ПРОДАКШН ПО ЗВУКУ — КСЕНИЯ ОБОРИНА РЕЖИССЁР 
ISKUXNblRwE,Дом с ментами | 14 серия | Идущий по пятам,https://www.youtube.com/watch?v=ISKUXNblRwE,Егор Смирнов,1.0,2321.0,credits_scan_dom_s_mentami/frames/ISKUXNblRwE/frame_0027.jpg,НАД ФИЛЬМОМ РАБОТАЛИ ВТОРОЙ ОПЕРАТОР — ИЛЬЯ БЕГЛЕНОК ФОКУС-ПУЛЛЕРЫ / МЕХАНИКИ — ЕГОР СМИРНОВ / МАКСИМ ОКУЛОВСКИЙ ДМИТРИЙ ЛЕБЕДИНСКИЙ / ВИТАЛИЙ ГАЙШУН ГАФФЕРЫ — ИЛЬЯ ЧЕРНОВ / АНДРЕЙ СУСОРОВ ОСВЕТИТЕЛИ — ОЛЕГ МАРКИН / АРТЁМ ПУПКО ПРОДЮСЕР ПОСТ-ПРОДАКШН ПО ЗВУКУ — АЛЕКСЕЙ ВОРОШИЛОВ ЗВУКОРЕЖИССЁР ПЕРЕЗАПИСИ — АЛЕКСЕЙ ВОРОШИЛОВ ЗВУКОРЕЖИССЁР НА ПЛОЩАДКЕ — АЛЕКСАНДР ЯВИСЕНКО РЕКОРДИСТЫ РЕЧЕВОГО ОЗВУЧАНИЯ — МАКСИМ КОРОТКИЙ / НАДЕЖДА БАЛАШОВА КООРДИНАТОР ПОСТ-ПРОДАКШН ПО ЗВУКУ — КСЕНИЯ ОБОРИНА РЕЖИССЁР 
G0XcjGwI-0U,Дом с ментами | 15 серия | Недолго музыка играла,https://www.youtube.com/watch?v=G0XcjGwI-0U,Егор Смирнов,1.0,2384.0,credits_scan_dom_s_mentami/frames/G0XcjGwI-0U/frame_0027.jpg,НАД ФИЛЬМОМ РАБОТАЛИ ВТОРОЙ ОПЕРАТОР АНДРЕЙ ТЫЧИНИН ФОКУС-ПУЛЛЕРЫ / МЕХАНИКИ — ЕГОР СМИРНОВ / ВИТАЛИЙ ГАЙШУН ФРОЛ СОРОКИН / МАКСИМ ОКУЛОВСКИЙ ДМИТРИЙ ЛЕБЕДИНСКИЙ ГАФФЕР АЛЕКСАНДР МАТУСЕВИЧ 'ОСВЕТИТЕЛЬ АЛЕКСЕЙ ХОХЛОВ ПРОДЮСЕР ПОСТ-ПРОДАКШН ПО ЗВУКУ АЛЕКСЕЙ ВОРОШИЛОВ ЗВУКОРЕЖИССЁР ПЕРЕЗАПИСИ АЛЕКСЕЙ ВОРОШИЛОВ ЗВУКОРЕЖИССЁР НА ПЛОЩАДКЕ — АНТОН МИГУР РЕКОРДИСТЫ РЕЧЕВОГО ОЗВУЧАНИЯ МАКСИМ КОРОТКИЙ / НАДЕЖДА БАЛАШОВА КООРДИНАТОР ПОСТ-ПРОДАКШН ПО ЗВУКУ КСЕНИЯ ОБОРИНА РЕЖИССЁР МОНТАЖА ИГОРЬ КОЛПАХЧИЕВ КО
G0XcjGwI-0U,Дом с ментами | 15 серия | Недолго музыка играла,https://www.youtube.com/watch?v=G0XcjGwI-0U,Егор Смирнов,1.0,2385.0,credits_scan_dom_s_mentami/frames/G0XcjGwI-0U/frame_0028.jpg,НАД ФИЛЬМОМ РАБОТАЛИ ВТОРОЙ ОПЕРАТОР АНДРЕЙ ТЫЧИНИН ФОКУС-ПУЛЛЕРЫ / МЕХАНИКИ — ЕГОР СМИРНОВ / ВИТАЛИЙ ГАЙШУН ФРОЛ СОРОКИН / МАКСИМ ОКУЛОВСКИЙ ДМИТРИЙ ЛЕБЕДИНСКИЙ ГАФФЕР АЛЕКСАНДР МАТУСЕВИЧ 'ОСВЕТИТЕЛЬ АЛЕКСЕЙ ХОХЛОВ ПРОДЮСЕР ПОСТ-ПРОДАКШН ПО ЗВУКУ АЛЕКСЕЙ ВОРОШИЛОВ ЗВУКОРЕЖИССЁР ПЕРЕЗАПИСИ АЛЕКСЕЙ ВОРОШИЛОВ ЗВУКОРЕЖИССЁР НА ПЛОЩАДКЕ — АНТОН МИГУР РЕКОРДИСТЫ РЕЧЕВОГО ОЗВУЧАНИЯ МАКСИМ КОРОТКИЙ / НАДЕЖДА БАЛАШОВА КООРДИНАТОР ПОСТ-ПРОДАКШН ПО ЗВУКУ КСЕНИЯ ОБОРИНА РЕЖИССЁР МОНТАЖА ИГОРЬ КОЛПАХЧИЕВ КО
G0XcjGwI-0U,Дом с ментами | 15 серия | Недолго музыка играла,https://www.youtube.com/watch?v=G0XcjGwI-0U,Егор Смирнов,1.0,2386.0,credits_scan_dom_s_mentami/frames/G0XcjGwI-0U/frame_0029.jpg,НАД ФИЛЬМОМ РАБОТАЛИ ВТОРОЙ ОПЕРАТОР АНДРЕЙ ТЫЧИНИН ФОКУС-ПУЛЛЕРЫ / МЕХАНИКИ — ЕГОР СМИРНОВ / ВИТАЛИЙ ГАЙШУН ФРОЛ СОРОКИН / МАКСИМ ОКУЛОВСКИЙ ДМИТРИЙ ЛЕБЕДИНСКИЙ ГАФФЕР АЛЕКСАНДР МАТУСЕВИЧ 'ОСВЕТИТЕЛЬ АЛЕКСЕЙ ХОХЛОВ ПРОДЮСЕР ПОСТ-ПРОДАКШН ПО ЗВУКУ АЛЕКСЕЙ ВОРОШИЛОВ ЗВУКОРЕЖИССЁР ПЕРЕЗАПИСИ АЛЕКСЕЙ ВОРОШИЛОВ ЗВУКОРЕЖИССЁР НА ПЛОЩАДКЕ — АНТОН МИГУР РЕКОРДИСТЫ РЕЧЕВОГО ОЗВУЧАНИЯ МАКСИМ КОРОТКИЙ / НАДЕЖДА БАЛАШОВА КООРДИНАТОР ПОСТ-ПРОДАКШН ПО ЗВУКУ КСЕНИЯ ОБОРИНА РЕЖИССЁР МОНТАЖА ИГОРЬ КОЛПАХЧИЕВ КО
G0XcjGwI-0U,Дом с ментами | 15 серия | Недолго музыка играла,https://www.youtube.com/watch?v=G0XcjGwI-0U,Егор Смирнов,1.0,2387.0,credits_scan_dom_s_mentami/frames/G0XcjGwI-0U/frame_0030.jpg,НАД ФИЛЬМОМ РАБОТАЛИ ВТОРОЙ ОПЕРАТОР АНДРЕЙ ТЫЧИНИН ФОКУС-ПУЛЛЕРЫ / МЕХАНИКИ — ЕГОР СМИРНОВ / ВИТАЛИЙ ГАЙШУН ФРОЛ СОРОКИН / МАКСИМ ОКУЛОВСКИЙ ДМИТРИЙ ЛЕБЕДИНСКИЙ ГАФФЕР АЛЕКСАНДР МАТУСЕВИЧ 'ОСВЕТИТЕЛЬ АЛЕКСЕЙ ХОХЛОВ ПРОДЮСЕР ПОСТ-ПРОДАКШН ПО ЗВУКУ АЛЕКСЕЙ ВОРОШИЛОВ ЗВУКОРЕЖИССЁР ПЕРЕЗАПИСИ АЛЕКСЕЙ ВОРОШИЛОВ ЗВУКОРЕЖИССЁР НА ПЛОЩАДКЕ — АНТОН МИГУР РЕКОРДИСТЫ РЕЧЕВОГО ОЗВУЧАНИЯ МАКСИМ КОРОТКИЙ / НАДЕЖДА БАЛАШОВА КООРДИНАТОР ПОСТ-ПРОДАКШН ПО ЗВУКУ КСЕНИЯ ОБОРИНА РЕЖИССЁР МОНТАЖА ИГОРЬ КОЛПАХЧИЕВ КО
4N7IZm341zc,Дом с ментами | 16 серия | Вторжение,https://www.youtube.com/watch?v=4N7IZm341zc,Егор Смирнов,1.0,2330.0,credits_scan_dom_s_mentami/frames/4N7IZm341zc/frame_0020.jpg,НАД ФИЛЬМОМ РАБОТАЛИ ВТОРОЙ ОПЕРАТОР — ИЛЬЯ БЕГЛЕНОК ФОКУС-ПУЛЛЕРЫ / МЕХАНИКИ — ЕГОР СМИРНОВ / МАКСИМ ОКУЛОВСКИЙ ДМИТРИЙ ЛЕБЕДИНСКИЙ / ВИТАЛИЙ ГАЙШУН ГАФФЕРЫ — ИЛЬЯ ЧЕРНОВ / АНДРЕЙ СУСОРОВ ОСВЕТИТЕЛИ — ОЛЕГ МАРКИН / АРТЁМ ПУПКО ПРОДЮСЕР ПОСТ-ПРОДАКШН ПО ЗВУКУ — АЛЕКСЕЙ ВОРОШИЛОВ ЗВУКОРЕЖИССЁР ПЕРЕЗАПИСИ — АЛЕКСЕЙ ВОРОШИЛОВ ЗВУКОРЕЖИССЁР НА ПЛОЩАДКЕ — АЛЕКСАНДР ЯВИСЕНКО РЕКОРДИСТЫ РЕЧЕВОГО ОЗВУЧАНИЯ — МАКСИМ КОРОТКИЙ / НАДЕЖДА БАЛАШОВА КООРДИНАТОР ПОСТ-ПРОДАКШН ПО ЗВУКУ — КСЕНИЯ ОБОРИНА РЕЖИССЁР 
4N7IZm341zc,Дом с ментами | 16 серия | Вторжение,https://www.youtube.com/watch?v=4N7IZm341zc,Егор Смирнов,1.0,2331.0,credits_scan_dom_s_mentami/frames/4N7IZm341zc/frame_0021.jpg,НАД ФИЛЬМОМ РАБОТАЛИ ВТОРОЙ ОПЕРАТОР — ИЛЬЯ БЕГЛЕНОК ФОКУС-ПУЛЛЕРЫ / МЕХАНИКИ — ЕГОР СМИРНОВ / МАКСИМ ОКУЛОВСКИЙ ДМИТРИЙ ЛЕБЕДИНСКИЙ / ВИТАЛИЙ ГАЙШУН ГАФФЕРЫ — ИЛЬЯ ЧЕРНОВ / АНДРЕЙ СУСОРОВ ОСВЕТИТЕЛИ — ОЛЕГ МАРКИН / АРТЁМ ПУПКО ПРОДЮСЕР ПОСТ-ПРОДАКШН ПО ЗВУКУ — АЛЕКСЕЙ ВОРОШИЛОВ ЗВУКОРЕЖИССЁР ПЕРЕЗАПИСИ — АЛЕКСЕЙ ВОРОШИЛОВ ЗВУКОРЕЖИССЁР НА ПЛОЩАДКЕ — АЛЕКСАНДР ЯВИСЕНКО РЕКОРДИСТЫ РЕЧЕВОГО ОЗВУЧАНИЯ — МАКСИМ КОРОТКИЙ / НАДЕЖДА БАЛАШОВА КООРДИНАТОР ПОСТ-ПРОДАКШН ПО ЗВУКУ — КСЕНИЯ ОБОРИНА РЕЖИССЁР 
4N7IZm341zc,Дом с ментами | 16 серия | Вторжение,https://www.youtube.com/watch?v=4N7IZm341zc,Егор Смирнов,1.0,2332.0,credits_scan_dom_s_mentami/frames/4N7IZm341zc/frame_0022.jpg,НАД ФИЛЬМОМ РАБОТАЛИ ВТОРОЙ ОПЕРАТОР — ИЛЬЯ БЕГЛЕНОК ФОКУС-ПУЛЛЕРЫ / МЕХАНИКИ — ЕГОР СМИРНОВ / МАКСИМ ОКУЛОВСКИЙ ДМИТРИЙ ЛЕБЕДИНСКИЙ / ВИТАЛИЙ ГАЙШУН ГАФФЕРЫ — ИЛЬЯ ЧЕРНОВ / АНДРЕЙ СУСОРОВ ОСВЕТИТЕЛИ — ОЛЕГ МАРКИН / АРТЁМ ПУПКО ПРОДЮСЕР ПОСТ-ПРОДАКШН ПО ЗВУКУ — АЛЕКСЕЙ ВОРОШИЛОВ ЗВУКОРЕЖИССЁР ПЕРЕЗАПИСИ — АЛЕКСЕЙ ВОРОШИЛОВ ЗВУКОРЕЖИССЁР НА ПЛОЩАДКЕ — АЛЕКСАНДР ЯВИСЕНКО РЕКОРДИСТЫ РЕЧЕВОГО ОЗВУЧАНИЯ — МАКСИМ КОРОТКИЙ / НАДЕЖДА БАЛАШОВА КООРДИНАТОР ПОСТ-ПРОДАКШН ПО ЗВУКУ — КСЕНИЯ ОБОРИНА РЕЖИССЁР 
4N7IZm341zc,Дом с ментами | 16 серия | Вторжение,https://www.youtube.com/watch?v=4N7IZm341zc,Егор Смирнов,1.0,2333.0,credits_scan_dom_s_mentami/frames/4N7IZm341zc/frame_0023.jpg,НАД ФИЛЬМОМ РАБОТАЛИ ВТОРОЙ ОПЕРАТОР — ИЛЬЯ БЕГЛЕНОК ФОКУС-ПУЛЛЕРЫ / МЕХАНИКИ — ЕГОР СМИРНОВ / МАКСИМ ОКУЛОВСКИЙ ДМИТРИЙ ЛЕБЕДИНСКИЙ / ВИТАЛИЙ ГАЙШУН ГАФФЕРЫ — ИЛЬЯ ЧЕРНОВ / АНДРЕЙ СУСОРОВ ОСВЕТИТЕЛИ — ОЛЕГ МАРКИН / АРТЁМ ПУПКО ПРОДЮСЕР ПОСТ-ПРОДАКШН ПО ЗВУКУ — АЛЕКСЕЙ ВОРОШИЛОВ ЗВУКОРЕЖИССЁР ПЕРЕЗАПИСИ — АЛЕКСЕЙ ВОРОШИЛОВ ЗВУКОРЕЖИССЁР НА ПЛОЩАДКЕ — АЛЕКСАНДР ЯВИСЕНКО РЕКОРДИСТЫ РЕЧЕВОГО ОЗВУЧАНИЯ — МАКСИМ КОРОТКИЙ / НАДЕЖДА БАЛАШОВА КООРДИНАТОР ПОСТ-ПРОДАКШН ПО ЗВУКУ — КСЕНИЯ ОБОРИНА РЕЖИССЁР 
Iy56MDEi6Nk,Дом с ментами | 17 серия | Хорошего понемногу,https://www.youtube.com/watch?v=Iy56MDEi6Nk,Егор Смирнов,1.0,2405.0,credits_scan_dom_s_mentami/frames/Iy56MDEi6Nk/frame_0023.jpg,НАД ФИЛЬМОМ РАБОТАЛИ ВТОРОЙ ОПЕРАТОР — АНДРЕЙ ТЫЧИНИН ФОКУС-ПУЛЛЕРЫ / МЕХАНИКИ ЕГОР СМИРНОВ /МАКСИМ ОКУЛОВСКИЙ ДМИТРИЙ ЛЕБЕДИНСКИЙ / ВИТАЛИЙ ГАЙШУН ГАФФЕРЫ ИЛЬЯ ЧЕРНОВ / АЛЕКСАНДР МАТУСЕВИЧ ОСВЕТИТЕЛИ — ОЛЕГ МАРКИН / АЛЕКСЕЙ ХОХЛОВ ПРОДЮСЕР ПОСТ.ПРОДАКШН ПО ЗВУКУ — АЛЕКСЕЙ ВОРОШИЛОВ ЗВУКОРЕЖИССЁР ПЕРЕЗАПИСИ — АЛЕКСЕЙ ВОРОШИЛОВ ЗВУКОРЕЖИССЁР НА ПЛОЩАДКЕ — МАКСИМ КОРОТКИЙ РЕКОРДИСТЫ РЕЧЕВОГО ОЗВУЧАНИЯ МАКСИМ КОРОТКИЙ / НАДЕЖДА БАЛАШОВА КООРДИНАТОР ПОСТ-ПРОДАКШН ПО ЗВУКУ — КСЕНИЯ ОБОРИНА РЕЖИССЁР М
Iy56MDEi6Nk,Дом с ментами | 17 серия | Хорошего понемногу,https://www.youtube.com/watch?v=Iy56MDEi6Nk,Егор Смирнов,1.0,2406.0,credits_scan_dom_s_mentami/frames/Iy56MDEi6Nk/frame_0024.jpg,НАД ФИЛЬМОМ РАБОТАЛИ ВТОРОЙ ОПЕРАТОР — АНДРЕЙ ТЫЧИНИН ФОКУС-ПУЛЛЕРЫ / МЕХАНИКИ ЕГОР СМИРНОВ / МАКСИМ ОкУЛОВСКИЙ ДМИТРИЙ ЛЕБЕДИНСКИЙ / ВИТАЛИЙ ГАЙШУН ГАФФЕРЫ ИЛЬЯ ЧЕРНОВ / АЛЕКСАНДР МАТУСЕВИЧ ОСВЕТИТЕЛИ — ОЛЕГ МАРКИН / АЛЕКСЕЙ ХОХЛОВ ПРОДЮСЕР ПОСТ.ПРОДАКШН ПО ЗВУКУ — АЛЕКСЕЙ ВОРОШИЛОВ ЗВУКОРЕЖИССЁР ПЕРЕЗАПИСИ — АЛЕКСЕЙ ВОРОШИЛОВ ЗВУКОРЕЖИССЁР НА ПЛОЩАДКЕ — МАКСИМ КОРОТКИЙ РЕКОРДИСТЫ РЕЧЕВОГО ОЗВУЧАНИЯ МАКСИМ КОРОТКИЙ / НАДЕЖДА БАЛАШОВА КООРДИНАТОР ПОСТ-ПРОДАКШН ПО ЗВУКУ — КСЕНИЯ ОБОРИНА РЕЖИССЁР 
Iy56MDEi6Nk,Дом с ментами | 17 серия | Хорошего понемногу,https://www.youtube.com/watch?v=Iy56MDEi6Nk,Егор Смирнов,1.0,2407.0,credits_scan_dom_s_mentami/frames/Iy56MDEi6Nk/frame_0025.jpg,НАД ФИЛЬМОМ РАБОТАЛИ ВТОРОЙ ОПЕРАТОР — АНДРЕЙ ТЫЧИНИН ФОКУС-ПУЛЛЕРЫ / МЕХАНИКИ ЕГОР СМИРНОВ /МАКСИМ ОКУЛОВСКИЙ ДМИТРИЙ ЛЕБЕДИНСКИЙ / ВИТАЛИЙ ГАЙШУН ГАФФЕРЫ ИЛЬЯ ЧЕРНОВ / АЛЕКСАНДР МАТУСЕВИЧ ОСВЕТИТЕЛИ — ОЛЕГ МАРКИН / АЛЕКСЕЙ ХОХЛОВ ПРОДЮСЕР ПОСТ.ПРОДАКШН ПО ЗВУКУ — АЛЕКСЕЙ ВОРОШИЛОВ ЗВУКОРЕЖИССЁР ПЕРЕЗАПИСИ — АЛЕКСЕЙ ВОРОШИЛОВ ЗВУКОРЕЖИССЁР НА ПЛОЩАДКЕ — МАКСИМ КОРОТКИЙ РЕКОРДИСТЫ РЕЧЕВОГО ОЗВУЧАНИЯ МАКСИМ КОРОТКИЙ / НАДЕЖДА БАЛАШОВА КООРДИНАТОР ПОСТ-ПРОДАКШН ПО ЗВУКУ — КСЕНИЯ ОБОРИНА РЕЖИССЁР М
Iy56MDEi6Nk,Дом с ментами | 17 серия | Хорошего понемногу,https://www.youtube.com/watch?v=Iy56MDEi6Nk,Егор Смирнов,1.0,2408.0,credits_scan_dom_s_mentami/frames/Iy56MDEi6Nk/frame_0026.jpg,НАД ФИЛЬМОМ РАБОТАЛИ ВТОРОЙ ОПЕРАТОР — АНДРЕЙ ТЫЧИНИН ФОКУС-ПУЛЛЕРЫ / МЕХАНИКИ ЕГОР СМИРНОВ /МАКСИМ ОКУЛОВСКИЙ ДМИТРИЙ ЛЕБЕДИНСКИЙ / ВИТАЛИЙ ГАЙШУН ГАФФЕРЫ ИЛЬЯ ЧЕРНОВ / АЛЕКСАНДР МАТУСЕВИЧ ОСВЕТИТЕЛИ — ОЛЕГ МАРКИН / АЛЕКСЕЙ ХОХЛОВ ПРОДЮСЕР ПОСТ.ПРОДАКШН ПО ЗВУКУ — АЛЕКСЕЙ ВОРОШИЛОВ ЗВУКОРЕЖИССЁР ПЕРЕЗАПИСИ — АЛЕКСЕЙ ВОРОШИЛОВ ЗВУКОРЕЖИССЁР НА ПЛОЩАДКЕ — МАКСИМ КОРОТКИЙ РЕКОРДИСТЫ РЕЧЕВОГО ОЗВУЧАНИЯ МАКСИМ КОРОТКИЙ / НАДЕЖДА БАЛАШОВА КООРДИНАТОР ПОСТ-ПРОДАКШН ПО ЗВУКУ — КСЕНИЯ ОБОРИНА РЕЖИССЁР М
k_WSIW_XjYs,Дом с ментами | 18 серия | Моральная компенсация,https://www.youtube.com/watch?v=k_WSIW_XjYs,Егор Смирнов,1.0,2353.0,credits_scan_dom_s_mentami/frames/k_WSIW_XjYs/frame_0026.jpg,НАД ФИЛЬМОМ РАБОТАЛИ ВТОРОЙ ОПЕРАТОР — АНДРЕЙ ТЫЧИНИН ФОКУС-ПУЛЛЕРЫ / МЕХАНИКИ ЕГОР СМИРНОВ / МАКСИМ ОкУЛОВСКИЙ ДМИТРИЙ ЛЕБЕДИНСКИЙ / ВИТАЛИЙ ГАЙШУН ГАФФЕРЫ ИЛЬЯ ЧЕРНОВ / АЛЕКСАНДР МАТУСЕВИЧ ОСВЕТИТЕЛИ — ОЛЕГ МАРКИН / АЛЕКСЕЙ ХОХЛОВ ПРОДЮСЕР ПОСТ.ПРОДАКШН ПО ЗВУКУ — АЛЕКСЕЙ ВОРОШИЛОВ ЗВУКОРЕЖИССЁР ПЕРЕЗАПИСИ — АЛЕКСЕЙ ВОРОШИЛОВ ЗВУКОРЕЖИССЁР НА ПЛОЩАДКЕ — МАКСИМ КОРОТКИЙ РЕКОРДИСТЫ РЕЧЕВОГО ОЗВУЧАНИЯ МАКСИМ КОРОТКИЙ / НАДЕЖДА БАЛАШОВА КООРДИНАТОР ПОСТ-ПРОДАКШН ПО ЗВУКУ — КСЕНИЯ ОБОРИНА РЕЖИССЁР 
k_WSIW_XjYs,Дом с ментами | 18 серия | Моральная компенсация,https://www.youtube.com/watch?v=k_WSIW_XjYs,Егор Смирнов,1.0,2354.0,credits_scan_dom_s_mentami/frames/k_WSIW_XjYs/frame_0027.jpg,НАД ФИЛЬМОМ РАБОТАЛИ ВТОРОЙ ОПЕРАТОР — АНДРЕЙ ТЫЧИНИН ФОКУС-ПУЛЛЕРЫ / МЕХАНИКИ ЕГОР СМИРНОВ / МАКСИМ ОкУЛОВСКИЙ ДМИТРИЙ ЛЕБЕДИНСКИЙ / ВИТАЛИЙ ГАЙШУН ГАФФЕРЫ ИЛЬЯ ЧЕРНОВ / АЛЕКСАНДР МАТУСЕВИЧ ОСВЕТИТЕЛИ — ОЛЕГ МАРКИН / АЛЕКСЕЙ ХОХЛОВ ПРОДЮСЕР ПОСТ.ПРОДАКШН ПО ЗВУКУ — АЛЕКСЕЙ ВОРОШИЛОВ ЗВУКОРЕЖИССЁР ПЕРЕЗАПИСИ — АЛЕКСЕЙ ВОРОШИЛОВ ЗВУКОРЕЖИССЁР НА ПЛОЩАДКЕ — МАКСИМ КОРОТКИЙ РЕКОРДИСТЫ РЕЧЕВОГО ОЗВУЧАНИЯ МАКСИМ КОРОТКИЙ / НАДЕЖДА БАЛАШОВА КООРДИНАТОР ПОСТ-ПРОДАКШН ПО ЗВУКУ — КСЕНИЯ ОБОРИНА РЕЖИССЁР 
k_WSIW_XjYs,Дом с ментами | 18 серия | Моральная компенсация,https://www.youtube.com/watch?v=k_WSIW_XjYs,Егор Смирнов,1.0,2355.0,credits_scan_dom_s_mentami/frames/k_WSIW_XjYs/frame_0028.jpg,НАД ФИЛЬМОМ РАБОТАЛИ ВТОРОЙ ОПЕРАТОР — АНДРЕЙ ТЫЧИНИН ФОКУС-ПУЛЛЕРЫ / МЕХАНИКИ ЕГОР СМИРНОВ / МАКСИМ ОкУЛОВСКИЙ ДМИТРИЙ ЛЕБЕДИНСКИЙ / ВИТАЛИЙ ГАЙШУН ГАФФЕРЫ ИЛЬЯ ЧЕРНОВ / АЛЕКСАНДР МАТУСЕВИЧ ОСВЕТИТЕЛИ — ОЛЕГ МАРКИН / АЛЕКСЕЙ ХОХЛОВ ПРОДЮСЕР ПОСТ.ПРОДАКШН ПО ЗВУКУ — АЛЕКСЕЙ ВОРОШИЛОВ ЗВУКОРЕЖИССЁР ПЕРЕЗАПИСИ — АЛЕКСЕЙ ВОРОШИЛОВ ЗВУКОРЕЖИССЁР НА ПЛОЩАДКЕ — МАКСИМ КОРОТКИЙ РЕКОРДИСТЫ РЕЧЕВОГО ОЗВУЧАНИЯ МАКСИМ КОРОТКИЙ / НАДЕЖДА БАЛАШОВА КООРДИНАТОР ПОСТ-ПРОДАКШН ПО ЗВУКУ — КСЕНИЯ ОБОРИНА РЕЖИССЁР 
k_WSIW_XjYs,Дом с ментами | 18 серия | Моральная компенсация,https://www.youtube.com/watch?v=k_WSIW_XjYs,Егор Смирнов,1.0,2356.0,credits_scan_dom_s_mentami/frames/k_WSIW_XjYs/frame_0029.jpg,НАД ФИЛЬМОМ РАБОТАЛИ ВТОРОЙ ОПЕРАТОР — АНДРЕЙ ТЫЧИНИН ФОКУС-ПУЛЛЕРЫ / МЕХАНИКИ ЕГОР СМИРНОВ / МАКСИМ ОкУЛОВСКИЙ ДМИТРИЙ ЛЕБЕДИНСКИЙ / ВИТАЛИЙ ГАЙШУН ГАФФЕРЫ ИЛЬЯ ЧЕРНОВ / АЛЕКСАНДР МАТУСЕВИЧ ОСВЕТИТЕЛИ — ОЛЕГ МАРКИН / АЛЕКСЕЙ ХОХЛОВ ПРОДЮСЕР ПОСТ.ПРОДАКШН ПО ЗВУКУ — АЛЕКСЕЙ ВОРОШИЛОВ ЗВУКОРЕЖИССЁР ПЕРЕЗАПИСИ — АЛЕКСЕЙ ВОРОШИЛОВ ЗВУКОРЕЖИССЁР НА ПЛОЩАДКЕ — МАКСИМ КОРОТКИЙ РЕКОРДИСТЫ РЕЧЕВОГО ОЗВУЧАНИЯ МАКСИМ КОРОТКИЙ / НАДЕЖДА БАЛАШОВА КООРДИНАТОР ПОСТ-ПРОДАКШН ПО ЗВУКУ — КСЕНИЯ ОБОРИНА РЕЖИССЁР 
FLn6Plu6nFI,Дом с ментами | 19 серия | Опасная профессия,https://www.youtube.com/watch?v=FLn6Plu6nFI,Егор Смирнов,1.0,2378.0,credits_scan_dom_s_mentami/frames/FLn6Plu6nFI/frame_0024.jpg,НАД ФИЛЬМОМ РАБОТАЛИ ВТОРОЙ ОПЕРАТОР — АНДРЕЙ ТЫЧИНИН ФОКУС-ПУЛЛЕРЫ / МЕХАНИКИ ЕГОР СМИРНОВ / МАКСИМ ОКУЛОВСКИЙ ДМИТРИЙ ЛЕБЕДИНСКИЙ / ВИТАЛИЙ ГАЙШУН ГАФФЕРЫ ИЛЬЯ ЧЕРНОВ / АЛЕКСАНДР МАТУСЕВИЧ ОСВЕТИТЕЛИ — ОЛЕГ МАРКИН / АЛЕКСЕЙ ХОХЛОВ ПРОДЮСЕР ПОСТ.ПРОДАКШН ПО ЗВУКУ — АЛЕКСЕЙ ВОРОШИЛОВ ЗВУКОРЕЖИССЁР ПЕРЕЗАПИСИ — АЛЕКСЕЙ ВОРОШИЛОВ ЗВУКОРЕЖИССЁР НА ПЛОЩАДКЕ — МАКСИМ КОРОТКИЙ РЕКОРДИСТЫ РЕЧЕВОГО ОЗВУЧАНИЯ МАКСИМ КОРОТКИЙ / НАДЕЖДА БАЛАШОВА КООРДИНАТОР ПОСТ-ПРОДАКШН ПО ЗВУКУ — КСЕНИЯ ОБОРИНА РЕЖИССЁР 
FLn6Plu6nFI,Дом с ментами | 19 серия | Опасная профессия,https://www.youtube.com/watch?v=FLn6Plu6nFI,Егор Смирнов,1.0,2379.0,credits_scan_dom_s_mentami/frames/FLn6Plu6nFI/frame_0025.jpg,НАД ФИЛЬМОМ РАБОТАЛИ ВТОРОЙ ОПЕРАТОР — АНДРЕЙ ТЫЧИНИН ФОКУС-ПУЛЛЕРЫ / МЕХАНИКИ ЕГОР СМИРНОВ / МАКСИМ ОКУЛОВСКИЙ ДМИТРИЙ ЛЕБЕДИНСКИЙ / ВИТАЛИЙ ГАЙШУН ГАФФЕРЫ ИЛЬЯ ЧЕРНОВ / АЛЕКСАНДР МАТУСЕВИЧ ОСВЕТИТЕЛИ — ОЛЕГ МАРКИН / АЛЕКСЕЙ ХОХЛОВ ПРОДЮСЕР ПОСТ.ПРОДАКШН ПО ЗВУКУ — АЛЕКСЕЙ ВОРОШИЛОВ ЗВУКОРЕЖИССЁР ПЕРЕЗАПИСИ — АЛЕКСЕЙ ВОРОШИЛОВ ЗВУКОРЕЖИССЁР НА ПЛОЩАДКЕ — МАКСИМ КОРОТКИЙ РЕКОРДИСТЫ РЕЧЕВОГО ОЗВУЧАНИЯ МАКСИМ КОРОТКИЙ / НАДЕЖДА БАЛАШОВА КООРДИНАТОР ПОСТ-ПРОДАКШН ПО ЗВУКУ — КСЕНИЯ ОБОРИНА РЕЖИССЁР 
FLn6Plu6nFI,Дом с ментами | 19 серия | Опасная профессия,https://www.youtube.com/watch?v=FLn6Plu6nFI,Егор Смирнов,1.0,2380.0,credits_scan_dom_s_mentami/frames/FLn6Plu6nFI/frame_0026.jpg,НАД ФИЛЬМОМ РАБОТАЛИ ВТОРОЙ ОПЕРАТОР — АНДРЕЙ ТЫЧИНИН ФОКУС-ПУЛЛЕРЫ / МЕХАНИКИ ЕГОР СМИРНОВ / МАКСИМ ОКУЛОВСКИЙ ДМИТРИЙ ЛЕБЕДИНСКИЙ / ВИТАЛИЙ ГАЙШУН ГАФФЕРЫ ИЛЬЯ ЧЕРНОВ / АЛЕКСАНДР МАТУСЕВИЧ ОСВЕТИТЕЛИ — ОЛЕГ МАРКИН / АЛЕКСЕЙ ХОХЛОВ ПРОДЮСЕР ПОСТ.ПРОДАКШН ПО ЗВУКУ — АЛЕКСЕЙ ВОРОШИЛОВ ЗВУКОРЕЖИССЁР ПЕРЕЗАПИСИ — АЛЕКСЕЙ ВОРОШИЛОВ ЗВУКОРЕЖИССЁР НА ПЛОЩАДКЕ — МАКСИМ КОРОТКИЙ РЕКОРДИСТЫ РЕЧЕВОГО ОЗВУЧАНИЯ МАКСИМ КОРОТКИЙ / НАДЕЖДА БАЛАШОВА КООРДИНАТОР ПОСТ-ПРОДАКШН ПО ЗВУКУ — КСЕНИЯ ОБОРИНА РЕЖИССЁР 
FLn6Plu6nFI,Дом с ментами | 19 серия | Опасная профессия,https://www.youtube.com/watch?v=FLn6Plu6nFI,Егор Смирнов,1.0,2381.0,credits_scan_dom_s_mentami/frames/FLn6Plu6nFI/frame_0027.jpg,НАД ФИЛЬМОМ РАБОТАЛИ ВТОРОЙ ОПЕРАТОР — АНДРЕЙ ТЫЧИНИН ФОКУС-ПУЛЛЕРЫ / МЕХАНИКИ ЕГОР СМИРНОВ / МАКСИМ ОКУЛОВСКИЙ ДМИТРИЙ ЛЕБЕДИНСКИЙ / ВИТАЛИЙ ГАЙШУН ГАФФЕРЫ ИЛЬЯ ЧЕРНОВ / АЛЕКСАНДР МАТУСЕВИЧ ОСВЕТИТЕЛИ — ОЛЕГ МАРКИН / АЛЕКСЕЙ ХОХЛОВ ПРОДЮСЕР ПОСТ.ПРОДАКШН ПО ЗВУКУ — АЛЕКСЕЙ ВОРОШИЛОВ ЗВУКОРЕЖИССЁР ПЕРЕЗАПИСИ — АЛЕКСЕЙ ВОРОШИЛОВ ЗВУКОРЕЖИССЁР НА ПЛОЩАДКЕ — МАКСИМ КОРОТКИЙ РЕКОРДИСТЫ РЕЧЕВОГО ОЗВУЧАНИЯ МАКСИМ КОРОТКИЙ / НАДЕЖДА БАЛАШОВА КООРДИНАТОР ПОСТ-ПРОДАКШН ПО ЗВУКУ — КСЕНИЯ ОБОРИНА РЕЖИССЁР 
Lh0PwDWRMoY,Дом с ментами | 20 серия | В одну реку,https://www.youtube.com/watch?v=Lh0PwDWRMoY,Егор Смирнов,1.0,2331.0,credits_scan_dom_s_mentami/frames/Lh0PwDWRMoY/frame_0021.jpg,НАД ФИЛЬМОМ РАБОТАЛИ ВТОРОЙ ОПЕРАТОР — АНДРЕЙ ТЫЧИНИН ФОКУС-ПУЛЛЕРЫ / МЕХАНИКИ ЕГОР СМИРНОВ / МАКСИМ ОКУЛОВСКИЙ ДМИТРИЙ ЛЕБЕДИНСКИЙ / ВИТАЛИЙ ГАЙШУН ГАФФЕРЫ ИЛЬЯ ЧЕРНОВ / АЛЕКСАНДР МАТУСЕВИЧ ОСВЕТИТЕЛИ — ОЛЕГ МАРКИН / АЛЕКСЕЙ ХОХЛОВ ПРОДЮСЕР ПОСТ.ПРОДАКШН ПО ЗВУКУ — АЛЕКСЕЙ ВОРОШИЛОВ ЗВУКОРЕЖИССЁР ПЕРЕЗАПИСИ — АЛЕКСЕЙ ВОРОШИЛОВ ЗВУКОРЕЖИССЁР НА ПЛОЩАДКЕ — МАКСИМ КОРОТКИЙ РЕКОРДИСТЫ РЕЧЕВОГО ОЗВУЧАНИЯ МАКСИМ КОРОТКИЙ / НАДЕЖДА БАЛАШОВА КООРДИНАТОР ПОСТ-ПРОДАКШН ПО ЗВУКУ — КСЕНИЯ ОБОРИНА РЕЖИССЁР 
Lh0PwDWRMoY,Дом с ментами | 20 серия | В одну реку,https://www.youtube.com/watch?v=Lh0PwDWRMoY,Егор Смирнов,1.0,2332.0,credits_scan_dom_s_mentami/frames/Lh0PwDWRMoY/frame_0022.jpg,НАД ФИЛЬМОМ РАБОТАЛИ ВТОРОЙ ОПЕРАТОР — АНДРЕЙ ТЫЧИНИН ФОКУС-ПУЛЛЕРЫ / МЕХАНИКИ ЕГОР СМИРНОВ / МАКСИМ ОКУЛОВСКИЙ ДМИТРИЙ ЛЕБЕДИНСКИЙ / ВИТАЛИЙ ГАЙШУН ГАФФЕРЫ ИЛЬЯ ЧЕРНОВ / АЛЕКСАНДР МАТУСЕВИЧ ОСВЕТИТЕЛИ — ОЛЕГ МАРКИН / АЛЕКСЕЙ ХОХЛОВ ПРОДЮСЕР ПОСТ.ПРОДАКШН ПО ЗВУКУ — АЛЕКСЕЙ ВОРОШИЛОВ ЗВУКОРЕЖИССЁР ПЕРЕЗАПИСИ — АЛЕКСЕЙ ВОРОШИЛОВ ЗВУКОРЕЖИССЁР НА ПЛОЩАДКЕ — МАКСИМ КОРОТКИЙ РЕКОРДИСТЫ РЕЧЕВОГО ОЗВУЧАНИЯ МАКСИМ КОРОТКИЙ / НАДЕЖДА БАЛАШОВА КООРДИНАТОР ПОСТ-ПРОДАКШН ПО ЗВУКУ — КСЕНИЯ ОБОРИНА РЕЖИССЁР 
Lh0PwDWRMoY,Дом с ментами | 20 серия | В одну реку,https://www.youtube.com/watch?v=Lh0PwDWRMoY,Егор Смирнов,1.0,2333.0,credits_scan_dom_s_mentami/frames/Lh0PwDWRMoY/frame_0023.jpg,НАД ФИЛЬМОМ РАБОТАЛИ ВТОРОЙ ОПЕРАТОР — АНДРЕЙ ТЫЧИНИН ФОКУС-ПУЛЛЕРЫ / МЕХАНИКИ ЕГОР СМИРНОВ / МАКСИМ ОКУЛОВСКИЙ ДМИТРИЙ ЛЕБЕДИНСКИЙ / ВИТАЛИЙ ГАЙШУН ГАФФЕРЫ ИЛЬЯ ЧЕРНОВ / АЛЕКСАНДР МАТУСЕВИЧ ОСВЕТИТЕЛИ — ОЛЕГ МАРКИН / АЛЕКСЕЙ ХОХЛОВ ПРОДЮСЕР ПОСТ.ПРОДАКШН ПО ЗВУКУ — АЛЕКСЕЙ ВОРОШИЛОВ ЗВУКОРЕЖИССЁР ПЕРЕЗАПИСИ — АЛЕКСЕЙ ВОРОШИЛОВ ЗВУКОРЕЖИССЁР НА ПЛОЩАДКЕ — МАКСИМ КОРОТКИЙ РЕКОРДИСТЫ РЕЧЕВОГО ОЗВУЧАНИЯ МАКСИМ КОРОТКИЙ / НАДЕЖДА БАЛАШОВА КООРДИНАТОР ПОСТ-ПРОДАКШН ПО ЗВУКУ — КСЕНИЯ ОБОРИНА РЕЖИССЁР 
Lh0PwDWRMoY,Дом с ментами | 20 серия | В одну реку,https://www.youtube.com/watch?v=Lh0PwDWRMoY,Егор Смирнов,1.0,2334.0,credits_scan_dom_s_mentami/frames/Lh0PwDWRMoY/frame_0024.jpg,НАД ФИЛЬМОМ РАБОТАЛИ ВТОРОЙ ОПЕРАТОР — АНДРЕЙ ТЫЧИНИН ФОКУС-ПУЛЛЕРЫ / МЕХАНИКИ ЕГОР СМИРНОВ / МАКСИМ ОКУЛОВСКИЙ ДМИТРИЙ ЛЕБЕДИНСКИЙ / ВИТАЛИЙ ГАЙШУН ГАФФЕРЫ ИЛЬЯ ЧЕРНОВ / АЛЕКСАНДР МАТУСЕВИЧ ОСВЕТИТЕЛИ — ОЛЕГ МАРКИН / АЛЕКСЕЙ ХОХЛОВ ПРОДЮСЕР ПОСТ.ПРОДАКШН ПО ЗВУКУ — АЛЕКСЕЙ ВОРОШИЛОВ ЗВУКОРЕЖИССЁР ПЕРЕЗАПИСИ — АЛЕКСЕЙ ВОРОШИЛОВ ЗВУКОРЕЖИССЁР НА ПЛОЩАДКЕ — МАКСИМ КОРОТКИЙ РЕКОРДИСТЫ РЕЧЕВОГО ОЗВУЧАНИЯ МАКСИМ КОРОТКИЙ / НАДЕЖДА БАЛАШОВА КООРДИНАТОР ПОСТ-ПРОДАКШН ПО ЗВУКУ — КСЕНИЯ ОБОРИНА РЕЖИССЁР 
NFqJqzxd9Yw,Дом с ментами | 21 серия | Сладкая месть,https://www.youtube.com/watch?v=NFqJqzxd9Yw,Егор Смирнов,1.0,2378.0,credits_scan_dom_s_mentami/frames/NFqJqzxd9Yw/frame_0024.jpg,НАД ФИЛЬМОМ РАБОТАЛИ ВТОРОЙ ОПЕРАТОР — АНДРЕЙ ТЫЧИНИН ФОКУС-ПУЛЛЕРЫ / МЕХАНИКИ ЕГОР СМИРНОВ / МАКСИМ ОКУЛОВСКИЙ ДМИТРИЙ ЛЕБЕДИНСКИЙ ГАФФЕР АЛЕКСАНДР МАТУСЕВИЧ. ОСВЕТИТЕЛЬ — АЛЕКСЕЙ ХОХЛОВ ПРОДЮСЕР ПОСТ.ПРОДАКШН ПО ЗВУКУ — АЛЕКСЕЙ ВОРОШИЛОВ ЗВУКОРЕЖИССЁР ПЕРЕЗАПИСИ — АЛЕКСЕЙ ВОРОШИЛОВ ЗВУКОРЕЖИССЁР НА ПЛОЩАДКЕ — МАКСИМ КОРОТКИЙ РЕКОРДИСТЫ РЕЧЕВОГО ОЗВУЧАНИЯ МАКСИМ КОРОТКИЙ / НАДЕЖДА БАЛАШОВА КООРДИНАТОР ПОСТ-ПРОДАКШН ПО ЗВУКУ — КСЕНИЯ ОБОРИНА РЕЖИССЁР МОНТАЖА ИГОРЬ КОЛПАХЧИЕВ КОЛОРИСТ — АЛЕКСЕЙ А
NFqJqzxd9Yw,Дом с ментами | 21 серия | Сладкая месть,https://www.youtube.com/watch?v=NFqJqzxd9Yw,Егор Смирнов,1.0,2379.0,credits_scan_dom_s_mentami/frames/NFqJqzxd9Yw/frame_0025.jpg,НАД ФИЛЬМОМ РАБОТАЛИ ВТОРОЙ ОПЕРАТОР — АНДРЕЙ ТЫЧИНИН ФОКУС-ПУЛЛЕРЫ / МЕХАНИКИ ЕГОР СМИРНОВ / МАКСИМ ОКУЛОВСКИЙ ДМИТРИЙ ЛЕБЕДИНСКИЙ ГАФФЕР АЛЕКСАНДР МАТУСЕВИЧ. ОСВЕТИТЕЛЬ — АЛЕКСЕЙ ХОХЛОВ ПРОДЮСЕР ПОСТ.ПРОДАКШН ПО ЗВУКУ — АЛЕКСЕЙ ВОРОШИЛОВ ЗВУКОРЕЖИССЁР ПЕРЕЗАПИСИ — АЛЕКСЕЙ ВОРОШИЛОВ ЗВУКОРЕЖИССЁР НА ПЛОЩАДКЕ — МАКСИМ КОРОТКИЙ РЕКОРДИСТЫ РЕЧЕВОГО ОЗВУЧАНИЯ МАКСИМ КОРОТКИЙ / НАДЕЖДА БАЛАШОВА КООРДИНАТОР ПОСТ-ПРОДАКШН ПО ЗВУКУ — КСЕНИЯ ОБОРИНА РЕЖИССЁР МОНТАЖА ИГОРЬ КОЛПАХЧИЕВ КОЛОРИСТ — АЛЕКСЕЙ А
NFqJqzxd9Yw,Дом с ментами | 21 серия | Сладкая месть,https://www.youtube.com/watch?v=NFqJqzxd9Yw,Егор Смирнов,1.0,2380.0,credits_scan_dom_s_mentami/frames/NFqJqzxd9Yw/frame_0026.jpg,НАД ФИЛЬМОМ РАБОТАЛИ ВТОРОЙ ОПЕРАТОР — АНДРЕЙ ТЫЧИНИН ФОКУС-ПУЛЛЕРЫ / МЕХАНИКИ ЕГОР СМИРНОВ / МАКСИМ ОКУЛОВСКИЙ ДМИТРИЙ ЛЕБЕДИНСКИЙ ГАФФЕР АЛЕКСАНДР МАТУСЕВИЧ. ОСВЕТИТЕЛЬ — АЛЕКСЕЙ ХОХЛОВ ПРОДЮСЕР ПОСТ.ПРОДАКШН ПО ЗВУКУ — АЛЕКСЕЙ ВОРОШИЛОВ ЗВУКОРЕЖИССЁР ПЕРЕЗАПИСИ — АЛЕКСЕЙ ВОРОШИЛОВ ЗВУКОРЕЖИССЁР НА ПЛОЩАДКЕ — МАКСИМ КОРОТКИЙ РЕКОРДИСТЫ РЕЧЕВОГО ОЗВУЧАНИЯ МАКСИМ КОРОТКИЙ / НАДЕЖДА БАЛАШОВА КООРДИНАТОР ПОСТ-ПРОДАКШН ПО ЗВУКУ — КСЕНИЯ ОБОРИНА РЕЖИССЁР МОНТАЖА ИГОРЬ КОЛПАХЧИЕВ КОЛОРИСТ — АЛЕКСЕЙ А
NFqJqzxd9Yw,Дом с ментами | 21 серия | Сладкая месть,https://www.youtube.com/watch?v=NFqJqzxd9Yw,Егор Смирнов,1.0,2381.0,credits_scan_dom_s_mentami/frames/NFqJqzxd9Yw/frame_0027.jpg,НАД ФИЛЬМОМ РАБОТАЛИ ВТОРОЙ ОПЕРАТОР — АНДРЕЙ ТЫЧИНИН ФОКУС-ПУЛЛЕРЫ / МЕХАНИКИ ЕГОР СМИРНОВ / МАКСИМ ОКУЛОВСКИЙ ДМИТРИЙ ЛЕБЕДИНСКИЙ ГАФФЕР АЛЕКСАНДР МАТУСЕВИЧ. ОСВЕТИТЕЛЬ — АЛЕКСЕЙ ХОХЛОВ ПРОДЮСЕР ПОСТ.ПРОДАКШН ПО ЗВУКУ — АЛЕКСЕЙ ВОРОШИЛОВ ЗВУКОРЕЖИССЁР ПЕРЕЗАПИСИ — АЛЕКСЕЙ ВОРОШИЛОВ ЗВУКОРЕЖИССЁР НА ПЛОЩАДКЕ — МАКСИМ КОРОТКИЙ РЕКОРДИСТЫ РЕЧЕВОГО ОЗВУЧАНИЯ МАКСИМ КОРОТКИЙ / НАДЕЖДА БАЛАШОВА КООРДИНАТОР ПОСТ-ПРОДАКШН ПО ЗВУКУ — КСЕНИЯ ОБОРИНА РЕЖИССЁР МОНТАЖА ИГОРЬ КОЛПАХЧИЕВ КОЛОРИСТ — АЛЕКСЕЙ А
HL0euh_mee8,Дом с ментами | 22 серия | Одержимость,https://www.youtube.com/watch?v=HL0euh_mee8,Егор Смирнов,1.0,2356.0,credits_scan_dom_s_mentami/frames/HL0euh_mee8/frame_0028.jpg,НАД ФИЛЬМОМ РАБОТАЛИ ВТОРОЙ ОПЕРАТОР — АНДРЕЙ ТЫЧИНИН ФОКУС-ПУЛЛЕРЫ / МЕХАНИКИ ЕГОР СМИРНОВ / МАКСИМ ОКУЛОВСКИЙ ДМИТРИЙ ЛЕБЕДИНСКИЙ ГАФФЕР АЛЕКСАНДР МАТУСЕВИЧ. ОСВЕТИТЕЛЬ — АЛЕКСЕЙ ХОХЛОВ ПРОДЮСЕР ПОСТ.ПРОДАКШН ПО ЗВУКУ — АЛЕКСЕЙ ВОРОШИЛОВ ЗВУКОРЕЖИССЁР ПЕРЕЗАПИСИ — АЛЕКСЕЙ ВОРОШИЛОВ ЗВУКОРЕЖИССЁР НА ПЛОЩАДКЕ — МАКСИМ КОРОТКИЙ РЕКОРДИСТЫ РЕЧЕВОГО ОЗВУЧАНИЯ МАКСИМ КОРОТКИЙ / НАДЕЖДА БАЛАШОВА КООРДИНАТОР ПОСТ-ПРОДАКШН ПО ЗВУКУ — КСЕНИЯ ОБОРИНА РЕЖИССЁР МОНТАЖА ИГОРЬ КОЛПАХЧИЕВ КОЛОРИСТ — АЛЕКСЕЙ А
HL0euh_mee8,Дом с ментами | 22 серия | Одержимость,https://www.youtube.com/watch?v=HL0euh_mee8,Егор Смирнов,1.0,2357.0,credits_scan_dom_s_mentami/frames/HL0euh_mee8/frame_0029.jpg,НАД ФИЛЬМОМ РАБОТАЛИ ВТОРОЙ ОПЕРАТОР — АНДРЕЙ ТЫЧИНИН ФОКУС-ПУЛЛЕРЫ / МЕХАНИКИ ЕГОР СМИРНОВ / МАКСИМ ОКУЛОВСКИЙ ДМИТРИЙ ЛЕБЕДИНСКИЙ ГАФФЕР АЛЕКСАНДР МАТУСЕВИЧ. ОСВЕТИТЕЛЬ — АЛЕКСЕЙ ХОХЛОВ ПРОДЮСЕР ПОСТ.ПРОДАКШН ПО ЗВУКУ — АЛЕКСЕЙ ВОРОШИЛОВ ЗВУКОРЕЖИССЁР ПЕРЕЗАПИСИ — АЛЕКСЕЙ ВОРОШИЛОВ ЗВУКОРЕЖИССЁР НА ПЛОЩАДКЕ — МАКСИМ КОРОТКИЙ РЕКОРДИСТЫ РЕЧЕВОГО ОЗВУЧАНИЯ МАКСИМ КОРОТКИЙ / НАДЕЖДА БАЛАШОВА КООРДИНАТОР ПОСТ-ПРОДАКШН ПО ЗВУКУ — КСЕНИЯ ОБОРИНА РЕЖИССЁР МОНТАЖА ИГОРЬ КОЛПАХЧИЕВ КОЛОРИСТ — АЛЕКСЕЙ А
HL0euh_mee8,Дом с ментами | 22 серия | Одержимость,https://www.youtube.com/watch?v=HL0euh_mee8,Егор Смирнов,1.0,2358.0,credits_scan_dom_s_mentami/frames/HL0euh_mee8/frame_0030.jpg,НАД ФИЛЬМОМ РАБОТАЛИ ВТОРОЙ ОПЕРАТОР — АНДРЕЙ ТЫЧИНИН ФОКУС-ПУЛЛЕРЫ / МЕХАНИКИ ЕГОР СМИРНОВ / МАКСИМ ОКУЛОВСКИЙ ДМИТРИЙ ЛЕБЕДИНСКИЙ ГАФФЕР АЛЕКСАНДР МАТУСЕВИЧ. ОСВЕТИТЕЛЬ — АЛЕКСЕЙ ХОХЛОВ ПРОДЮСЕР ПОСТ.ПРОДАКШН ПО ЗВУКУ — АЛЕКСЕЙ ВОРОШИЛОВ ЗВУКОРЕЖИССЁР ПЕРЕЗАПИСИ — АЛЕКСЕЙ ВОРОШИЛОВ ЗВУКОРЕЖИССЁР НА ПЛОЩАДКЕ — МАКСИМ КОРОТКИЙ РЕКОРДИСТЫ РЕЧЕВОГО ОЗВУЧАНИЯ МАКСИМ КОРОТКИЙ / НАДЕЖДА БАЛАШОВА КООРДИНАТОР ПОСТ-ПРОДАКШН ПО ЗВУКУ — КСЕНИЯ ОБОРИНА РЕЖИССЁР МОНТАЖА ИГОРЬ КОЛПАХЧИЕВ КОЛОРИСТ — АЛЕКСЕЙ А
HL0euh_mee8,Дом с ментами | 22 серия | Одержимость,https://www.youtube.com/watch?v=HL0euh_mee8,Егор Смирнов,1.0,2359.0,credits_scan_dom_s_mentami/frames/HL0euh_mee8/frame_0031.jpg,НАД ФИЛЬМОМ РАБОТАЛИ ВТОРОЙ ОПЕРАТОР — АНДРЕЙ ТЫЧИНИН ФОКУС-ПУЛЛЕРЫ / МЕХАНИКИ ЕГОР СМИРНОВ / МАКСИМ ОКУЛОВСКИЙ ДМИТРИЙ ЛЕБЕДИНСКИЙ ГАФФЕР АЛЕКСАНДР МАТУСЕВИЧ. ОСВЕТИТЕЛЬ — АЛЕКСЕЙ ХОХЛОВ ПРОДЮСЕР ПОСТ.ПРОДАКШН ПО ЗВУКУ — АЛЕКСЕЙ ВОРОШИЛОВ ЗВУКОРЕЖИССЁР ПЕРЕЗАПИСИ — АЛЕКСЕЙ ВОРОШИЛОВ ЗВУКОРЕЖИССЁР НА ПЛОЩАДКЕ — МАКСИМ КОРОТКИЙ РЕКОРДИСТЫ РЕЧЕВОГО ОЗВУЧАНИЯ МАКСИМ КОРОТКИЙ / НАДЕЖДА БАЛАШОВА КООРДИНАТОР ПОСТ-ПРОДАКШН ПО ЗВУКУ — КСЕНИЯ ОБОРИНА РЕЖИССЁР МОНТАЖА ИГОРЬ КОЛПАХЧИЕВ КОЛОРИСТ — АЛЕКСЕЙ А
L-C4TCDD_Jg,Дом с ментами | 23 серия | Все или ничего,https://www.youtube.com/watch?v=L-C4TCDD_Jg,Егор Смирнов,1.0,2318.0,credits_scan_dom_s_mentami/frames/L-C4TCDD_Jg/frame_0029.jpg,НАД ФИЛЬМОМ РАБОТАЛИ ВТОРОЙ ОПЕРАТОР — АНДРЕЙ ТЫЧИНИН ФОКУС-ПУЛЛЕРЫ / МЕХАНИКИ ЕГОР СМИРНОВ / МАКСИМ ОКУЛОВСКИЙ ДМИТРИЙ ЛЕБЕДИНСКИЙ ГАФФЕР АЛЕКСАНДР МАТУСЕВИЧ. ОСВЕТИТЕЛЬ — АЛЕКСЕЙ ХОХЛОВ ПРОДЮСЕР ПОСТ.ПРОДАКШН ПО ЗВУКУ — АЛЕКСЕЙ ВОРОШИЛОВ ЗВУКОРЕЖИССЁР ПЕРЕЗАПИСИ — АЛЕКСЕЙ ВОРОШИЛОВ ЗВУКОРЕЖИССЁР НА ПЛОЩАДКЕ — МАКСИМ КОРОТКИЙ РЕКОРДИСТЫ РЕЧЕВОГО ОЗВУЧАНИЯ МАКСИМ КОРОТКИЙ / НАДЕЖДА БАЛАШОВА КООРДИНАТОР ПОСТ-ПРОДАКШН ПО ЗВУКУ — КСЕНИЯ ОБОРИНА РЕЖИССЁР МОНТАЖА ИГОРЬ КОЛПАХЧИЕВ КОЛОРИСТ — АЛЕКСЕЙ А
L-C4TCDD_Jg,Дом с ментами | 23 серия | Все или ничего,https://www.youtube.com/watch?v=L-C4TCDD_Jg,Егор Смирнов,1.0,2319.0,credits_scan_dom_s_mentami/frames/L-C4TCDD_Jg/frame_0030.jpg,НАД ФИЛЬМОМ РАБОТАЛИ ВТОРОЙ ОПЕРАТОР — АНДРЕЙ ТЫЧИНИН ФОКУС-ПУЛЛЕРЫ / МЕХАНИКИ ЕГОР СМИРНОВ /МАКСИМ ОКУЛОВСКИЙ ДМИТРИЙ ЛЕБЕДИНСКИЙ ГАФФЕР АЛЕКСАНДР МАТУСЕВИЧ ОСВЕТИТЕЛЬ — АЛЕКСЕЙ ХОХЛОВ ПРОДЮСЕР ПОСТ.ПРОДАКШН ПО ЗВУКУ — АЛЕКСЕЙ ВОРОШИЛОВ ЗВУКОРЕЖИССЁР ПЕРЕЗАПИСИ — АЛЕКСЕЙ ВОРОШИЛОВ ЗВУКОРЕЖИССЁР НА ПЛОЩАДКЕ — МАКСИМ КОРОТКИЙ РЕКОРДИСТЫ РЕЧЕВОГО ОЗВУЧАНИЯ МАКСИМ КОРОТКИЙ / НАДЕЖДА БАЛАШОВА КООРДИНАТОР ПОСТ-ПРОДАКШН ПО ЗВУКУ — КСЕНИЯ ОБОРИНА РЕЖИССЁР МОНТАЖА ИГОРЬ КОЛПАХЧИЕВ КОЛОРИСТ — АЛЕКСЕЙ АНД
L-C4TCDD_Jg,Дом с ментами | 23 серия | Все или ничего,https://www.youtube.com/watch?v=L-C4TCDD_Jg,Егор Смирнов,1.0,2320.0,credits_scan_dom_s_mentami/frames/L-C4TCDD_Jg/frame_0031.jpg,НАД ФИЛЬМОМ РАБОТАЛИ ВТОРОЙ ОПЕРАТОР — АНДРЕЙ ТЫЧИНИН ФОКУС-ПУЛЛЕРЫ / МЕХАНИКИ ЕГОР СМИРНОВ / МАКСИМ ОКУЛОВСКИЙ ДМИТРИЙ ЛЕБЕДИНСКИЙ ГАФФЕР АЛЕКСАНДР МАТУСЕВИЧ. ОСВЕТИТЕЛЬ — АЛЕКСЕЙ ХОХЛОВ ПРОДЮСЕР ПОСТ.ПРОДАКШН ПО ЗВУКУ — АЛЕКСЕЙ ВОРОШИЛОВ ЗВУКОРЕЖИССЁР ПЕРЕЗАПИСИ — АЛЕКСЕЙ ВОРОШИЛОВ ЗВУКОРЕЖИССЁР НА ПЛОЩАДКЕ — МАКСИМ КОРОТКИЙ РЕКОРДИСТЫ РЕЧЕВОГО ОЗВУЧАНИЯ МАКСИМ КОРОТКИЙ / НАДЕЖДА БАЛАШОВА КООРДИНАТОР ПОСТ-ПРОДАКШН ПО ЗВУКУ — КСЕНИЯ ОБОРИНА РЕЖИССЁР МОНТАЖА ИГОРЬ КОЛПАХЧИЕВ КОЛОРИСТ — АЛЕКСЕЙ А
L-C4TCDD_Jg,Дом с ментами | 23 серия | Все или ничего,https://www.youtube.com/watch?v=L-C4TCDD_Jg,Егор Смирнов,1.0,2321.0,credits_scan_dom_s_mentami/frames/L-C4TCDD_Jg/frame_0032.jpg,НАД ФИЛЬМОМ РАБОТАЛИ ВТОРОЙ ОПЕРАТОР — АНДРЕЙ ТЫЧИНИН ФОКУС-ПУЛЛЕРЫ / МЕХАНИКИ ЕГОР СМИРНОВ / МАКСИМ ОКУЛОВСКИЙ ДМИТРИЙ ЛЕБЕДИНСКИЙ ГАФФЕР АЛЕКСАНДР МАТУСЕВИЧ. ОСВЕТИТЕЛЬ — АЛЕКСЕЙ ХОХЛОВ ПРОДЮСЕР ПОСТ.ПРОДАКШН ПО ЗВУКУ — АЛЕКСЕЙ ВОРОШИЛОВ ЗВУКОРЕЖИССЁР ПЕРЕЗАПИСИ — АЛЕКСЕЙ ВОРОШИЛОВ ЗВУКОРЕЖИССЁР НА ПЛОЩАДКЕ — МАКСИМ КОРОТКИЙ РЕКОРДИСТЫ РЕЧЕВОГО ОЗВУЧАНИЯ МАКСИМ КОРОТКИЙ / НАДЕЖДА БАЛАШОВА КООРДИНАТОР ПОСТ-ПРОДАКШН ПО ЗВУКУ — КСЕНИЯ ОБОРИНА РЕЖИССЁР МОНТАЖА ИГОРЬ КОЛПАХЧИЕВ КОЛОРИСТ — АЛЕКСЕЙ А
oA2YM4sxqZ0,Дом с ментами | 24 серия | Дело труба,https://www.youtube.com/watch?v=oA2YM4sxqZ0,Егор Смирнов,1.0,2414.0,credits_scan_dom_s_mentami/frames/oA2YM4sxqZ0/frame_0027.jpg,НАД ФИЛЬМОМ РАБОТАЛИ ВТОРОЙ ОПЕРАТОР — АНДРЕЙ ТЫЧИНИН ФОКУС-ПУЛЛЕРЫ / МЕХАНИКИ ЕГОР СМИРНОВ / МАКСИМ ОКУЛОВСКИЙ ДМИТРИЙ ЛЕБЕДИНСКИЙ ГАФФЕР АЛЕКСАНДР МАТУСЕВИЧ. ОСВЕТИТЕЛЬ — АЛЕКСЕЙ ХОХЛОВ ПРОДЮСЕР ПОСТ.ПРОДАКШН ПО ЗВУКУ — АЛЕКСЕЙ ВОРОШИЛОВ ЗВУКОРЕЖИССЁР ПЕРЕЗАПИСИ — АЛЕКСЕЙ ВОРОШИЛОВ ЗВУКОРЕЖИССЁР НА ПЛОЩАДКЕ — МАКСИМ КОРОТКИЙ РЕКОРДИСТЫ РЕЧЕВОГО ОЗВУЧАНИЯ МАКСИМ КОРОТКИЙ / НАДЕЖДА БАЛАШОВА КООРДИНАТОР ПОСТ-ПРОДАКШН ПО ЗВУКУ — КСЕНИЯ ОБОРИНА РЕЖИССЁР МОНТАЖА ИГОРЬ КОЛПАХЧИЕВ КОЛОРИСТ — АЛЕКСЕЙ А
oA2YM4sxqZ0,Дом с ментами | 24 серия | Дело труба,https://www.youtube.com/watch?v=oA2YM4sxqZ0,Егор Смирнов,1.0,2415.0,credits_scan_dom_s_mentami/frames/oA2YM4sxqZ0/frame_0028.jpg,НАД ФИЛЬМОМ РАБОТАЛИ ВТОРОЙ ОПЕРАТОР — АНДРЕЙ ТЫЧИНИН ФОКУС-ПУЛЛЕРЫ / МЕХАНИКИ ЕГОР СМИРНОВ / МАКСИМ ОКУЛОВСКИЙ ДМИТРИЙ ЛЕБЕДИНСКИЙ ГАФФЕР АЛЕКСАНДР МАТУСЕВИЧ. ОСВЕТИТЕЛЬ — АЛЕКСЕЙ ХОХЛОВ ПРОДЮСЕР ПОСТ.ПРОДАКШН ПО ЗВУКУ — АЛЕКСЕЙ ВОРОШИЛОВ ЗВУКОРЕЖИССЁР ПЕРЕЗАПИСИ — АЛЕКСЕЙ ВОРОШИЛОВ ЗВУКОРЕЖИССЁР НА ПЛОЩАДКЕ — МАКСИМ КОРОТКИЙ РЕКОРДИСТЫ РЕЧЕВОГО ОЗВУЧАНИЯ МАКСИМ КОРОТКИЙ / НАДЕЖДА БАЛАШОВА КООРДИНАТОР ПОСТ-ПРОДАКШН ПО ЗВУКУ — КСЕНИЯ ОБОРИНА РЕЖИССЁР МОНТАЖА ИГОРЬ КОЛПАХЧИЕВ КОЛОРИСТ — АЛЕКСЕЙ А
oA2YM4sxqZ0,Дом с ментами | 24 серия | Дело труба,https://www.youtube.com/watch?v=oA2YM4sxqZ0,Егор Смирнов,1.0,2416.0,credits_scan_dom_s_mentami/frames/oA2YM4sxqZ0/frame_0029.jpg,НАД ФИЛЬМОМ РАБОТАЛИ ВТОРОЙ ОПЕРАТОР — АНДРЕЙ ТЫЧИНИН ФОКУС-ПУЛЛЕРЫ / МЕХАНИКИ ЕГОР СМИРНОВ / МАКСИМ ОКУЛОВСКИЙ ДМИТРИЙ ЛЕБЕДИНСКИЙ ГАФФЕР АЛЕКСАНДР МАТУСЕВИЧ. ОСВЕТИТЕЛЬ — АЛЕКСЕЙ ХОХЛОВ ПРОДЮСЕР ПОСТ.ПРОДАКШН ПО ЗВУКУ — АЛЕКСЕЙ ВОРОШИЛОВ ЗВУКОРЕЖИССЁР ПЕРЕЗАПИСИ — АЛЕКСЕЙ ВОРОШИЛОВ ЗВУКОРЕЖИССЁР НА ПЛОЩАДКЕ — МАКСИМ КОРОТКИЙ РЕКОРДИСТЫ РЕЧЕВОГО ОЗВУЧАНИЯ МАКСИМ КОРОТКИЙ / НАДЕЖДА БАЛАШОВА КООРДИНАТОР ПОСТ-ПРОДАКШН ПО ЗВУКУ — КСЕНИЯ ОБОРИНА РЕЖИССЁР МОНТАЖА ИГОРЬ КОЛПАХЧИЕВ КОЛОРИСТ — АЛЕКСЕЙ А
oA2YM4sxqZ0,Дом с ментами | 24 серия | Дело труба,https://www.youtube.com/watch?v=oA2YM4sxqZ0,Егор Смирнов,1.0,2417.0,credits_scan_dom_s_mentami/frames/oA2YM4sxqZ0/frame_0030.jpg,НАД ФИЛЬМОМ РАБОТАЛИ ВТОРОЙ ОПЕРАТОР — АНДРЕЙ ТЫЧИНИН ФОКУС-ПУЛЛЕРЫ / МЕХАНИКИ ЕГОР СМИРНОВ / МАКСИМ ОКУЛОВСКИЙ ДМИТРИЙ ЛЕБЕДИНСКИЙ ГАФФЕР АЛЕКСАНДР МАТУСЕВИЧ. ОСВЕТИТЕЛЬ — АЛЕКСЕЙ ХОХЛОВ ПРОДЮСЕР ПОСТ.ПРОДАКШН ПО ЗВУКУ — АЛЕКСЕЙ ВОРОШИЛОВ ЗВУКОРЕЖИССЁР ПЕРЕЗАПИСИ — АЛЕКСЕЙ ВОРОШИЛОВ ЗВУКОРЕЖИССЁР НА ПЛОЩАДКЕ — МАКСИМ КОРОТКИЙ РЕКОРДИСТЫ РЕЧЕВОГО ОЗВУЧАНИЯ МАКСИМ КОРОТКИЙ / НАДЕЖДА БАЛАШОВА КООРДИНАТОР ПОСТ-ПРОДАКШН ПО ЗВУКУ — КСЕНИЯ ОБОРИНА РЕЖИССЁР МОНТАЖА ИГОРЬ КОЛПАХЧИЕВ КОЛОРИСТ — АЛЕКСЕЙ А
